,team,W,L,W/L%,GB,PS/G,PA/G,SRS,year,confrence
0,Boston Celtics*,56,26,.683,—,111.5,105.7,5.22,1991,Eastern
1,Philadelphia 76ers*,44,38,.537,12.0,105.4,105.6,-0.39,1991,Eastern
2,New York Knicks*,39,43,.476,17.0,103.1,103.3,-0.43,1991,Eastern
3,Washington Bullets,30,52,.366,26.0,101.4,106.4,-4.84,1991,Eastern
4,New Jersey Nets,26,56,.317,30.0,102.9,107.5,-4.53,1991,Eastern
5,Miami Heat,24,58,.293,32.0,101.8,107.8,-5.91,1991,Eastern
6,Central Division,Central Division,Central Division,Central Division,Central Division,Central Division,Central Division,Central Division,1991,Eastern
7,Chicago Bulls*,61,21,.744,—,110.0,101.0,8.57,1991,Eastern
8,Detroit Pistons*,50,32,.610,11.0,100.1,96.8,3.08,1991,Eastern
9,Milwaukee Bucks*,48,34,.585,13.0,106.4,104.0,2.33,1991,Eastern
10,Atlanta Hawks*,43,39,.524,18.0,109.8,109.0,0.72,1991,Eastern
11,Indiana Pacers*,41,41,.500,20.0,111.7,112.1,-0.37,1991,Eastern
12,Cleveland Cavaliers,33,49,.402,28.0,101.7,104.2,-2.33,1991,Eastern
13,Charlotte Hornets,26,56,.317,35.0,102.8,108.0,-4.95,1991,Eastern
14,Midwest Division,Midwest Division,Midwest Division,Midwest Division,Midwest Division,Midwest Division,Midwest Division,Midwest Division,1991,Western
15,San Antonio Spurs*,55,27,.671,—,107.1,102.6,4.30,1991,Western
16,Utah Jazz*,54,28,.659,1.0,104.0,100.7,3.18,1991,Western
17,Houston Rockets*,52,30,.634,3.0,106.7,103.2,3.27,1991,Western
18,Orlando Magic,31,51,.378,24.0,105.9,109.9,-3.79,1991,Western
19,Minnesota Timberwolves,29,53,.354,26.0,99.6,103.5,-3.75,1991,Western
20,Dallas Mavericks,28,54,.341,27.0,99.9,104.5,-4.27,1991,Western
21,Denver Nuggets,20,62,.244,35.0,119.9,130.8,-10.31,1991,Western
22,Pacific Division,Pacific Division,Pacific Division,Pacific Division,Pacific Division,Pacific Division,Pacific Division,Pacific Division,1991,Western
23,Portland Trail Blazers*,63,19,.768,—,114.7,106.0,8.47,1991,Western
24,Los Angeles Lakers*,58,24,.707,5.0,106.3,99.6,6.73,1991,Western
25,Phoenix Suns*,55,27,.671,8.0,114.0,107.5,6.49,1991,Western
26,Golden State Warriors*,44,38,.537,19.0,116.6,115.0,1.72,1991,Western
27,Seattle SuperSonics*,41,41,.500,22.0,106.6,105.4,1.31,1991,Western
28,Los Angeles Clippers,31,51,.378,32.0,103.5,107.0,-3.16,1991,Western
29,Sacramento Kings,25,57,.305,38.0,96.7,103.5,-6.27,1991,Western
30,Boston Celtics*,51,31,.622,—,106.6,103.0,3.41,1992,Eastern
31,New York Knicks*,51,31,.622,—,101.6,97.7,3.67,1992,Eastern
32,New Jersey Nets*,40,42,.488,11.0,105.4,107.1,-1.54,1992,Eastern
33,Miami Heat*,38,44,.463,13.0,105.0,109.2,-3.94,1992,Eastern
34,Philadelphia 76ers,35,47,.427,16.0,101.9,103.2,-1.34,1992,Eastern
35,Washington Bullets,25,57,.305,26.0,102.4,106.8,-4.35,1992,Eastern
36,Orlando Magic,21,61,.256,30.0,101.6,108.5,-6.52,1992,Eastern
37,Central Division,Central Division,Central Division,Central Division,Central Division,Central Division,Central Division,Central Division,1992,Eastern
38,Chicago Bulls*,67,15,.817,—,109.9,99.5,10.07,1992,Eastern
39,Cleveland Cavaliers*,57,25,.695,10.0,108.9,103.4,5.34,1992,Eastern
40,Detroit Pistons*,48,34,.585,19.0,98.9,96.9,2.06,1992,Eastern
41,Indiana Pacers*,40,42,.488,27.0,112.2,110.3,1.85,1992,Eastern
42,Atlanta Hawks,38,44,.463,29.0,106.2,107.7,-1.15,1992,Eastern
43,Milwaukee Bucks,31,51,.378,36.0,105.0,106.7,-1.46,1992,Eastern
44,Charlotte Hornets,31,51,.378,36.0,109.5,113.4,-3.57,1992,Eastern
45,Midwest Division,Midwest Division,Midwest Division,Midwest Division,Midwest Division,Midwest Division,Midwest Division,Midwest Division,1992,Western
46,Utah Jazz*,55,27,.671,—,108.3,101.9,5.70,1992,Western
47,San Antonio Spurs*,47,35,.573,8.0,104.0,100.6,2.81,1992,Western
48,Houston Rockets,42,40,.512,13.0,102.0,103.7,-1.94,1992,Western
49,Denver Nuggets,24,58,.293,31.0,99.7,107.6,-7.59,1992,Western
50,Dallas Mavericks,22,60,.268,33.0,97.6,105.3,-7.47,1992,Western
51,Minnesota Timberwolves,15,67,.183,40.0,100.5,107.5,-6.85,1992,Western
52,Pacific Division,Pacific Division,Pacific Division,Pacific Division,Pacific Division,Pacific Division,Pacific Division,Pacific Division,1992,Western
53,Portland Trail Blazers*,57,25,.695,—,111.4,104.1,6.94,1992,Western
54,Golden State Warriors*,55,27,.671,2.0,118.7,114.8,3.77,1992,Western
55,Phoenix Suns*,53,29,.646,4.0,112.1,106.2,5.68,1992,Western
56,Seattle SuperSonics*,47,35,.573,10.0,106.5,104.7,1.86,1992,Western
57,Los Angeles Clippers*,45,37,.549,12.0,102.9,101.9,1.10,1992,Western
58,Los Angeles Lakers*,43,39,.524,14.0,100.4,101.5,-0.95,1992,Western
59,Sacramento Kings,29,53,.354,28.0,104.3,110.3,-5.63,1992,Western
60,New York Knicks*,60,22,.732,—,101.6,95.4,5.87,1993,Eastern
61,Boston Celtics*,48,34,.585,12.0,103.7,102.8,0.93,1993,Eastern
62,New Jersey Nets*,43,39,.524,17.0,102.8,101.6,1.20,1993,Eastern
63,Orlando Magic,41,41,.500,19.0,105.5,104.2,1.35,1993,Eastern
64,Miami Heat,36,46,.439,24.0,103.6,104.7,-0.93,1993,Eastern
65,Philadelphia 76ers,26,56,.317,34.0,104.3,110.1,-5.25,1993,Eastern
66,Washington Bullets,22,60,.268,38.0,101.9,108.9,-6.49,1993,Eastern
67,Central Division,Central Division,Central Division,Central Division,Central Division,Central Division,Central Division,Central Division,1993,Eastern
68,Chicago Bulls*,57,25,.695,—,105.2,98.9,6.19,1993,Eastern
69,Cleveland Cavaliers*,54,28,.659,3.0,107.7,101.3,6.30,1993,Eastern
70,Charlotte Hornets*,44,38,.537,13.0,110.1,110.4,-0.02,1993,Eastern
71,Atlanta Hawks*,43,39,.524,14.0,107.5,108.4,-0.67,1993,Eastern
72,Indiana Pacers*,41,41,.500,16.0,107.8,106.1,1.77,1993,Eastern
73,Detroit Pistons,40,42,.488,17.0,100.6,102.0,-1.10,1993,Eastern
74,Milwaukee Bucks,28,54,.341,29.0,102.3,106.1,-3.26,1993,Eastern
75,Midwest Division,Midwest Division,Midwest Division,Midwest Division,Midwest Division,Midwest Division,Midwest Division,Midwest Division,1993,Western
76,Houston Rockets*,55,27,.671,—,104.0,99.8,3.57,1993,Western
77,San Antonio Spurs*,49,33,.598,6.0,105.5,102.8,2.21,1993,Western
78,Utah Jazz*,47,35,.573,8.0,106.2,104.0,1.74,1993,Western
79,Denver Nuggets,36,46,.439,19.0,105.2,106.9,-2.14,1993,Western
80,Minnesota Timberwolves,19,63,.232,36.0,98.1,105.9,-7.62,1993,Western
81,Dallas Mavericks,11,71,.134,44.0,99.3,114.5,-14.68,1993,Western
82,Pacific Division,Pacific Division,Pacific Division,Pacific Division,Pacific Division,Pacific Division,Pacific Division,Pacific Division,1993,Western
83,Phoenix Suns*,62,20,.756,—,113.4,106.7,6.27,1993,Western
84,Seattle SuperSonics*,55,27,.671,7.0,108.3,101.3,6.66,1993,Western
85,Portland Trail Blazers*,51,31,.622,11.0,108.5,105.4,2.92,1993,Western
86,Los Angeles Clippers*,41,41,.500,21.0,107.1,106.8,0.33,1993,Western
87,Los Angeles Lakers*,39,43,.476,23.0,104.2,105.5,-1.20,1993,Western
88,Golden State Warriors,34,48,.415,28.0,109.9,110.9,-0.94,1993,Western
89,Sacramento Kings,25,57,.305,37.0,107.9,111.1,-3.00,1993,Western
90,New York Knicks*,57,25,.695,—,98.5,91.5,6.48,1994,Eastern
91,Orlando Magic*,50,32,.610,7.0,105.7,101.8,3.68,1994,Eastern
92,New Jersey Nets*,45,37,.549,12.0,103.2,101.0,2.11,1994,Eastern
93,Miami Heat*,42,40,.512,15.0,103.4,100.7,2.40,1994,Eastern
94,Boston Celtics,32,50,.390,25.0,100.8,105.1,-4.28,1994,Eastern
95,Philadelphia 76ers,25,57,.305,32.0,98.0,105.6,-7.37,1994,Eastern
96,Washington Bullets,24,58,.293,33.0,100.4,107.7,-7.13,1994,Eastern
97,Central Division,Central Division,Central Division,Central Division,Central Division,Central Division,Central Division,Central Division,1994,Eastern
98,Atlanta Hawks*,57,25,.695,—,101.4,96.2,4.94,1994,Eastern
99,Chicago Bulls*,55,27,.671,2.0,98.0,94.9,2.87,1994,Eastern
100,Indiana Pacers*,47,35,.573,10.0,101.0,97.5,3.26,1994,Eastern
101,Cleveland Cavaliers*,47,35,.573,10.0,101.2,97.1,3.64,1994,Eastern
102,Charlotte Hornets,41,41,.500,16.0,106.5,106.7,-0.23,1994,Eastern
103,Milwaukee Bucks,20,62,.244,37.0,96.9,103.4,-6.24,1994,Eastern
104,Detroit Pistons,20,62,.244,37.0,96.9,104.7,-7.46,1994,Eastern
105,Midwest Division,Midwest Division,Midwest Division,Midwest Division,Midwest Division,Midwest Division,Midwest Division,Midwest Division,1994,Western
106,Houston Rockets*,58,24,.707,—,101.1,96.8,4.19,1994,Western
107,San Antonio Spurs*,55,27,.671,3.0,100.0,94.8,5.05,1994,Western
108,Utah Jazz*,53,29,.646,5.0,101.9,97.7,4.10,1994,Western
109,Denver Nuggets*,42,40,.512,16.0,100.3,98.8,1.54,1994,Western
110,Minnesota Timberwolves,20,62,.244,38.0,96.7,103.6,-6.55,1994,Western
111,Dallas Mavericks,13,69,.159,45.0,95.1,103.8,-8.19,1994,Western
112,Pacific Division,Pacific Division,Pacific Division,Pacific Division,Pacific Division,Pacific Division,Pacific Division,Pacific Division,1994,Western
113,Seattle SuperSonics*,63,19,.768,—,105.9,96.9,8.68,1994,Western
114,Phoenix Suns*,56,26,.683,7.0,108.2,103.4,4.68,1994,Western
115,Golden State Warriors*,50,32,.610,13.0,107.9,106.1,1.76,1994,Western
116,Portland Trail Blazers*,47,35,.573,16.0,107.3,104.6,2.60,1994,Western
117,Los Angeles Lakers,33,49,.402,30.0,100.4,104.7,-3.93,1994,Western
118,Sacramento Kings,28,54,.341,35.0,101.1,106.9,-5.32,1994,Western
119,Los Angeles Clippers,27,55,.329,36.0,103.0,108.7,-5.28,1994,Western
120,Orlando Magic*,57,25,.695,—,110.9,103.8,6.44,1995,Eastern
121,New York Knicks*,55,27,.671,2.0,98.2,95.1,2.78,1995,Eastern
122,Boston Celtics*,35,47,.427,22.0,102.8,104.7,-1.92,1995,Eastern
123,Miami Heat,32,50,.390,25.0,101.1,102.8,-1.85,1995,Eastern
124,New Jersey Nets,30,52,.366,27.0,98.1,101.2,-3.28,1995,Eastern
125,Philadelphia 76ers,24,58,.293,33.0,95.4,100.4,-5.06,1995,Eastern
126,Washington Bullets,21,61,.256,36.0,100.5,106.1,-5.56,1995,Eastern
127,Central Division,Central Division,Central Division,Central Division,Central Division,Central Division,Central Division,Central Division,1995,Eastern
128,Indiana Pacers*,52,30,.634,—,99.2,95.5,3.35,1995,Eastern
129,Charlotte Hornets*,50,32,.610,2.0,100.6,97.3,2.87,1995,Eastern
130,Chicago Bulls*,47,35,.573,5.0,101.5,96.7,4.32,1995,Eastern
131,Cleveland Cavaliers*,43,39,.524,9.0,90.5,89.8,0.55,1995,Eastern
132,Atlanta Hawks*,42,40,.512,10.0,96.6,95.3,1.06,1995,Eastern
133,Milwaukee Bucks,34,48,.415,18.0,99.3,103.7,-4.30,1995,Eastern
134,Detroit Pistons,28,54,.341,24.0,98.2,105.5,-7.08,1995,Eastern
135,Midwest Division,Midwest Division,Midwest Division,Midwest Division,Midwest Division,Midwest Division,Midwest Division,Midwest Division,1995,Western
136,San Antonio Spurs*,62,20,.756,—,106.6,100.6,5.90,1995,Western
137,Utah Jazz*,60,22,.732,2.0,106.4,98.4,7.76,1995,Western
138,Houston Rockets*,47,35,.573,15.0,103.5,101.4,2.32,1995,Western
139,Denver Nuggets*,41,41,.500,21.0,101.3,100.5,0.96,1995,Western
140,Dallas Mavericks,36,46,.439,26.0,103.2,106.1,-2.39,1995,Western
141,Minnesota Timberwolves,21,61,.256,41.0,94.2,103.2,-8.22,1995,Western
142,Pacific Division,Pacific Division,Pacific Division,Pacific Division,Pacific Division,Pacific Division,Pacific Division,Pacific Division,1995,Western
143,Phoenix Suns*,59,23,.720,—,110.6,106.8,3.86,1995,Western
144,Seattle SuperSonics*,57,25,.695,2.0,110.4,102.2,7.91,1995,Western
145,Los Angeles Lakers*,48,34,.585,11.0,105.1,105.3,-0.01,1995,Western
146,Portland Trail Blazers*,44,38,.537,15.0,103.1,99.2,3.80,1995,Western
147,Sacramento Kings,39,43,.476,20.0,98.2,99.2,-0.74,1995,Western
148,Golden State Warriors,26,56,.317,33.0,105.7,111.1,-4.90,1995,Western
149,Los Angeles Clippers,17,65,.207,42.0,96.7,105.8,-8.43,1995,Western
150,Orlando Magic*,60,22,.732,—,104.5,99.0,5.40,1996,Eastern
151,New York Knicks*,47,35,.573,13.0,97.2,94.9,2.24,1996,Eastern
152,Miami Heat*,42,40,.512,18.0,96.5,95.0,1.46,1996,Eastern
153,Washington Bullets,39,43,.476,21.0,102.5,101.5,0.99,1996,Eastern
154,Boston Celtics,33,49,.402,27.0,103.6,107.0,-3.37,1996,Eastern
155,New Jersey Nets,30,52,.366,30.0,93.7,97.9,-4.14,1996,Eastern
156,Philadelphia 76ers,18,64,.220,42.0,94.5,104.5,-9.45,1996,Eastern
157,Central Division,Central Division,Central Division,Central Division,Central Division,Central Division,Central Division,Central Division,1996,Eastern
158,Chicago Bulls*,72,10,.878,—,105.2,92.9,11.80,1996,Eastern
159,Indiana Pacers*,52,30,.634,20.0,99.3,96.1,3.11,1996,Eastern
160,Cleveland Cavaliers*,47,35,.573,25.0,91.1,88.5,2.49,1996,Eastern
161,Atlanta Hawks*,46,36,.561,26.0,98.3,97.1,1.29,1996,Eastern
162,Detroit Pistons*,46,36,.561,26.0,95.4,92.9,2.45,1996,Eastern
163,Charlotte Hornets,41,41,.500,31.0,102.8,103.4,-0.48,1996,Eastern
164,Milwaukee Bucks,25,57,.305,47.0,95.6,100.9,-4.92,1996,Eastern
165,Toronto Raptors,21,61,.256,51.0,97.5,105.0,-7.20,1996,Eastern
166,Midwest Division,Midwest Division,Midwest Division,Midwest Division,Midwest Division,Midwest Division,Midwest Division,Midwest Division,1996,Western
167,San Antonio Spurs*,59,23,.720,—,103.4,97.1,5.98,1996,Western
168,Utah Jazz*,55,27,.671,4.0,102.5,95.9,6.25,1996,Western
169,Houston Rockets*,48,34,.585,11.0,102.5,100.7,1.63,1996,Western
170,Denver Nuggets,35,47,.427,24.0,97.7,100.4,-2.62,1996,Western
171,Minnesota Timberwolves,26,56,.317,33.0,97.9,103.2,-5.14,1996,Western
172,Dallas Mavericks,26,56,.317,33.0,102.5,107.5,-4.71,1996,Western
173,Vancouver Grizzlies,15,67,.183,44.0,89.8,99.8,-9.55,1996,Western
174,Pacific Division,Pacific Division,Pacific Division,Pacific Division,Pacific Division,Pacific Division,Pacific Division,Pacific Division,1996,Western
175,Seattle SuperSonics*,64,18,.780,—,104.5,96.7,7.40,1996,Western
176,Los Angeles Lakers*,53,29,.646,11.0,102.9,98.5,4.21,1996,Western
177,Portland Trail Blazers*,44,38,.537,20.0,99.3,97.0,2.21,1996,Western
178,Phoenix Suns*,41,41,.500,23.0,104.3,104.0,0.28,1996,Western
179,Sacramento Kings*,39,43,.476,25.0,99.5,102.3,-2.62,1996,Western
180,Golden State Warriors,36,46,.439,28.0,101.6,103.1,-1.42,1996,Western
181,Los Angeles Clippers,29,53,.354,35.0,99.4,103.0,-3.46,1996,Western
182,Miami Heat*,61,21,.744,—,94.8,89.3,5.56,1997,Eastern
183,New York Knicks*,57,25,.695,4.0,95.4,92.2,3.31,1997,Eastern
184,Orlando Magic*,45,37,.549,16.0,94.1,94.5,-0.07,1997,Eastern
185,Washington Bullets*,44,38,.537,17.0,99.4,97.7,1.77,1997,Eastern
186,New Jersey Nets,26,56,.317,35.0,97.2,101.8,-3.89,1997,Eastern
187,Philadelphia 76ers,22,60,.268,39.0,100.2,106.7,-5.89,1997,Eastern
188,Boston Celtics,15,67,.183,46.0,100.6,107.9,-6.62,1997,Eastern
189,Central Division,Central Division,Central Division,Central Division,Central Division,Central Division,Central Division,Central Division,1997,Eastern
190,Chicago Bulls*,69,13,.841,—,103.1,92.3,10.70,1997,Eastern
191,Atlanta Hawks*,56,26,.683,13.0,94.8,89.4,5.52,1997,Eastern
192,Detroit Pistons*,54,28,.659,15.0,94.2,88.9,5.45,1997,Eastern
193,Charlotte Hornets*,54,28,.659,15.0,98.9,97.0,2.13,1997,Eastern
194,Cleveland Cavaliers,42,40,.512,27.0,87.5,85.6,2.32,1997,Eastern
195,Indiana Pacers,39,43,.476,30.0,95.4,94.4,1.49,1997,Eastern
196,Milwaukee Bucks,33,49,.402,36.0,95.3,97.2,-1.38,1997,Eastern
197,Toronto Raptors,30,52,.366,39.0,95.5,98.6,-2.56,1997,Eastern
198,Midwest Division,Midwest Division,Midwest Division,Midwest Division,Midwest Division,Midwest Division,Midwest Division,Midwest Division,1997,Western
199,Utah Jazz*,64,18,.780,—,103.1,94.3,7.97,1997,Western
200,Houston Rockets*,57,25,.695,7.0,100.6,96.1,3.85,1997,Western
201,Minnesota Timberwolves*,40,42,.488,24.0,96.1,97.6,-1.82,1997,Western
202,Dallas Mavericks,24,58,.293,40.0,90.6,97.0,-6.47,1997,Western
203,Denver Nuggets,21,61,.256,43.0,97.8,104.1,-6.40,1997,Western
204,San Antonio Spurs,20,62,.244,44.0,90.5,98.3,-7.93,1997,Western
205,Vancouver Grizzlies,14,68,.171,50.0,89.2,99.4,-10.17,1997,Western
206,Pacific Division,Pacific Division,Pacific Division,Pacific Division,Pacific Division,Pacific Division,Pacific Division,Pacific Division,1997,Western
207,Seattle SuperSonics*,57,25,.695,—,100.9,93.2,6.91,1997,Western
208,Los Angeles Lakers*,56,26,.683,1.0,100.0,95.7,3.66,1997,Western
209,Portland Trail Blazers*,49,33,.598,8.0,99.0,94.8,3.56,1997,Western
210,Phoenix Suns*,40,42,.488,17.0,102.8,102.2,0.21,1997,Western
211,Los Angeles Clippers*,36,46,.439,21.0,97.2,99.5,-2.66,1997,Western
212,Sacramento Kings,34,48,.415,23.0,96.4,99.8,-3.64,1997,Western
213,Golden State Warriors,30,52,.366,27.0,99.6,104.4,-4.90,1997,Western
214,Miami Heat*,55,27,.671,—,95.0,90.0,5.09,1998,Eastern
215,New York Knicks*,43,39,.524,12.0,91.6,89.1,2.74,1998,Eastern
216,New Jersey Nets*,43,39,.524,12.0,99.6,98.1,1.88,1998,Eastern
217,Washington Wizards,42,40,.512,13.0,97.2,96.6,1.11,1998,Eastern
218,Orlando Magic,41,41,.500,14.0,90.1,91.2,-0.53,1998,Eastern
219,Boston Celtics,36,46,.439,19.0,95.9,98.5,-1.96,1998,Eastern
220,Philadelphia 76ers,31,51,.378,24.0,93.3,95.7,-1.89,1998,Eastern
221,Central Division,Central Division,Central Division,Central Division,Central Division,Central Division,Central Division,Central Division,1998,Eastern
222,Chicago Bulls*,62,20,.756,—,96.7,89.6,7.24,1998,Eastern
223,Indiana Pacers*,58,24,.707,4.0,96.0,89.9,6.25,1998,Eastern
224,Charlotte Hornets*,51,31,.622,11.0,96.6,94.6,2.45,1998,Eastern
225,Atlanta Hawks*,50,32,.610,12.0,95.9,92.3,3.85,1998,Eastern
226,Cleveland Cavaliers*,47,35,.573,15.0,92.5,89.8,3.06,1998,Eastern
227,Detroit Pistons,37,45,.451,25.0,94.2,92.6,1.95,1998,Eastern
228,Milwaukee Bucks,36,46,.439,26.0,94.5,96.4,-1.33,1998,Eastern
229,Toronto Raptors,16,66,.195,46.0,94.9,104.2,-8.33,1998,Eastern
230,Midwest Division,Midwest Division,Midwest Division,Midwest Division,Midwest Division,Midwest Division,Midwest Division,Midwest Division,1998,Western
231,Utah Jazz*,62,20,.756,—,101.0,94.4,5.73,1998,Western
232,San Antonio Spurs*,56,26,.683,6.0,92.5,88.5,3.30,1998,Western
233,Minnesota Timberwolves*,45,37,.549,17.0,101.1,100.4,0.17,1998,Western
234,Houston Rockets*,41,41,.500,21.0,98.8,99.5,-1.23,1998,Western
235,Dallas Mavericks,20,62,.244,42.0,91.4,97.5,-6.33,1998,Western
236,Vancouver Grizzlies,19,63,.232,43.0,96.6,103.9,-7.47,1998,Western
237,Denver Nuggets,11,71,.134,51.0,89.0,100.8,-11.74,1998,Western
238,Pacific Division,Pacific Division,Pacific Division,Pacific Division,Pacific Division,Pacific Division,Pacific Division,Pacific Division,1998,Western
239,Seattle SuperSonics*,61,21,.744,—,100.6,93.4,6.33,1998,Western
240,Los Angeles Lakers*,61,21,.744,—,105.5,97.8,6.88,1998,Western
241,Phoenix Suns*,56,26,.683,5.0,99.6,94.4,4.44,1998,Western
242,Portland Trail Blazers*,46,36,.561,15.0,94.3,92.9,0.83,1998,Western
243,Sacramento Kings,27,55,.329,34.0,93.1,98.7,-5.83,1998,Western
244,Golden State Warriors,19,63,.232,42.0,88.3,97.4,-9.20,1998,Western
245,Los Angeles Clippers,17,65,.207,44.0,95.9,103.3,-7.53,1998,Western
246,Miami Heat*,33,17,.660,—,89.0,84.0,5.11,1999,Eastern
247,Orlando Magic*,33,17,.660,—,89.5,86.9,3.11,1999,Eastern
248,Philadelphia 76ers*,28,22,.560,5.0,89.7,87.6,2.56,1999,Eastern
249,New York Knicks*,27,23,.540,6.0,86.4,85.4,1.45,1999,Eastern
250,Boston Celtics,19,31,.380,14.0,93.0,94.9,-1.75,1999,Eastern
251,Washington Wizards,18,32,.360,15.0,91.2,93.4,-1.75,1999,Eastern
252,New Jersey Nets,16,34,.320,17.0,91.4,95.2,-3.20,1999,Eastern
253,Central Division,Central Division,Central Division,Central Division,Central Division,Central Division,Central Division,Central Division,1999,Eastern
254,Indiana Pacers*,33,17,.660,—,94.7,90.9,3.86,1999,Eastern
255,Atlanta Hawks*,31,19,.620,2.0,86.3,83.4,2.82,1999,Eastern
256,Detroit Pistons*,29,21,.580,4.0,90.4,86.9,3.97,1999,Eastern
257,Milwaukee Bucks*,28,22,.560,5.0,91.7,90.0,1.66,1999,Eastern
258,Charlotte Hornets,26,24,.520,7.0,92.9,93.0,0.63,1999,Eastern
259,Toronto Raptors,23,27,.460,10.0,91.1,92.8,-1.32,1999,Eastern
260,Cleveland Cavaliers,22,28,.440,11.0,86.4,88.2,-0.94,1999,Eastern
261,Chicago Bulls,13,37,.260,20.0,81.9,91.4,-8.58,1999,Eastern
262,Midwest Division,Midwest Division,Midwest Division,Midwest Division,Midwest Division,Midwest Division,Midwest Division,Midwest Division,1999,Western
263,San Antonio Spurs*,37,13,.740,—,92.8,84.7,7.12,1999,Western
264,Utah Jazz*,37,13,.740,—,93.3,86.8,5.54,1999,Western
265,Houston Rockets*,31,19,.620,6.0,94.2,91.9,1.39,1999,Western
266,Minnesota Timberwolves*,25,25,.500,12.0,92.9,92.6,-0.17,1999,Western
267,Dallas Mavericks,19,31,.380,18.0,91.6,94.0,-2.50,1999,Western
268,Denver Nuggets,14,36,.280,23.0,93.5,100.1,-6.67,1999,Western
269,Vancouver Grizzlies,8,42,.160,29.0,88.9,97.5,-8.94,1999,Western
270,Pacific Division,Pacific Division,Pacific Division,Pacific Division,Pacific Division,Pacific Division,Pacific Division,Pacific Division,1999,Western
271,Portland Trail Blazers*,35,15,.700,—,94.8,88.5,5.67,1999,Western
272,Los Angeles Lakers*,31,19,.620,4.0,99.0,96.0,2.68,1999,Western
273,Phoenix Suns*,27,23,.540,8.0,95.6,93.3,2.15,1999,Western
274,Sacramento Kings*,27,23,.540,8.0,100.2,100.6,-0.89,1999,Western
275,Seattle SuperSonics,25,25,.500,10.0,94.9,95.9,-1.43,1999,Western
276,Golden State Warriors,21,29,.420,14.0,88.3,90.8,-2.63,1999,Western
277,Los Angeles Clippers,9,41,.180,26.0,90.4,99.2,-8.94,1999,Western
278,Miami Heat*,52,30,.634,—,94.4,91.3,2.75,2000,Eastern
279,New York Knicks*,50,32,.610,2.0,92.1,90.7,1.30,2000,Eastern
280,Philadelphia 76ers*,49,33,.598,3.0,94.8,93.4,1.02,2000,Eastern
281,Orlando Magic,41,41,.500,11.0,100.1,99.4,0.43,2000,Eastern
282,Boston Celtics,35,47,.427,17.0,99.3,100.1,-1.00,2000,Eastern
283,New Jersey Nets,31,51,.378,21.0,98.0,99.0,-1.18,2000,Eastern
284,Washington Wizards,29,53,.354,23.0,96.6,99.9,-3.47,2000,Eastern
285,Central Division,Central Division,Central Division,Central Division,Central Division,Central Division,Central Division,Central Division,2000,Eastern
286,Indiana Pacers*,56,26,.683,—,101.3,96.7,4.15,2000,Eastern
287,Charlotte Hornets*,49,33,.598,7.0,98.4,95.8,2.33,2000,Eastern
288,Toronto Raptors*,45,37,.549,11.0,97.2,97.3,-0.46,2000,Eastern
289,Detroit Pistons*,42,40,.512,14.0,103.5,102.0,1.13,2000,Eastern
290,Milwaukee Bucks*,42,40,.512,14.0,101.2,101.0,-0.06,2000,Eastern
291,Cleveland Cavaliers,32,50,.390,24.0,97.0,100.5,-3.64,2000,Eastern
292,Atlanta Hawks,28,54,.341,28.0,94.3,99.7,-5.41,2000,Eastern
293,Chicago Bulls,17,65,.207,39.0,84.8,94.2,-9.23,2000,Eastern
294,Midwest Division,Midwest Division,Midwest Division,Midwest Division,Midwest Division,Midwest Division,Midwest Division,Midwest Division,2000,Western
295,Utah Jazz*,55,27,.671,—,96.5,92.0,4.52,2000,Western
296,San Antonio Spurs*,53,29,.646,2.0,96.2,90.2,5.92,2000,Western
297,Minnesota Timberwolves*,50,32,.610,5.0,98.5,96.0,2.67,2000,Western
298,Dallas Mavericks,40,42,.488,15.0,101.4,102.0,-0.29,2000,Western
299,Denver Nuggets,35,47,.427,20.0,99.0,101.1,-1.76,2000,Western
300,Houston Rockets,34,48,.415,21.0,99.5,100.3,-0.57,2000,Western
301,Vancouver Grizzlies,22,60,.268,33.0,93.9,99.5,-5.10,2000,Western
302,Pacific Division,Pacific Division,Pacific Division,Pacific Division,Pacific Division,Pacific Division,Pacific Division,Pacific Division,2000,Western
303,Los Angeles Lakers*,67,15,.817,—,100.8,92.3,8.41,2000,Western
304,Portland Trail Blazers*,59,23,.720,8.0,97.5,91.0,6.36,2000,Western
305,Phoenix Suns*,53,29,.646,14.0,98.9,93.7,5.24,2000,Western
306,Seattle SuperSonics*,45,37,.549,22.0,99.1,98.1,1.17,2000,Western
307,Sacramento Kings*,44,38,.537,23.0,105.0,102.0,3.04,2000,Western
308,Golden State Warriors,19,63,.232,48.0,95.5,103.8,-7.63,2000,Western
309,Los Angeles Clippers,15,67,.183,52.0,92.0,103.5,-10.73,2000,Western
310,Philadelphia 76ers*,56,26,.683,—,94.7,90.4,3.64,2001,Eastern
311,Miami Heat*,50,32,.610,6.0,88.9,86.6,1.73,2001,Eastern
312,New York Knicks*,48,34,.585,8.0,88.7,86.1,1.98,2001,Eastern
313,Orlando Magic*,43,39,.524,13.0,97.5,96.5,0.39,2001,Eastern
314,Boston Celtics,36,46,.439,20.0,94.6,96.8,-2.40,2001,Eastern
315,New Jersey Nets,26,56,.317,30.0,92.1,97.1,-5.30,2001,Eastern
316,Washington Wizards,19,63,.232,37.0,93.2,99.9,-6.75,2001,Eastern
317,Central Division,Central Division,Central Division,Central Division,Central Division,Central Division,Central Division,Central Division,2001,Eastern
318,Milwaukee Bucks*,52,30,.634,—,100.7,96.9,3.14,2001,Eastern
319,Toronto Raptors*,47,35,.573,5.0,97.6,95.4,1.69,2001,Eastern
320,Charlotte Hornets*,46,36,.561,6.0,91.9,89.8,1.45,2001,Eastern
321,Indiana Pacers*,41,41,.500,11.0,92.6,92.8,-0.77,2001,Eastern
322,Detroit Pistons,32,50,.390,20.0,95.6,97.3,-2.08,2001,Eastern
323,Cleveland Cavaliers,30,52,.366,22.0,92.2,96.5,-4.48,2001,Eastern
324,Atlanta Hawks,25,57,.305,27.0,91.0,96.2,-5.55,2001,Eastern
325,Chicago Bulls,15,67,.183,37.0,87.6,96.7,-9.09,2001,Eastern
326,Midwest Division,Midwest Division,Midwest Division,Midwest Division,Midwest Division,Midwest Division,Midwest Division,Midwest Division,2001,Western
327,San Antonio Spurs*,58,24,.707,—,96.2,88.4,7.92,2001,Western
328,Utah Jazz*,53,29,.646,5.0,97.1,92.4,5.00,2001,Western
329,Dallas Mavericks*,53,29,.646,5.0,100.5,96.2,4.61,2001,Western
330,Minnesota Timberwolves*,47,35,.573,11.0,97.3,96.0,1.81,2001,Western
331,Houston Rockets,45,37,.549,13.0,97.2,94.9,2.71,2001,Western
332,Denver Nuggets,40,42,.488,18.0,96.6,99.0,-1.83,2001,Western
333,Vancouver Grizzlies,23,59,.280,35.0,91.7,97.5,-4.94,2001,Western
334,Pacific Division,Pacific Division,Pacific Division,Pacific Division,Pacific Division,Pacific Division,Pacific Division,Pacific Division,2001,Western
335,Los Angeles Lakers*,56,26,.683,—,100.6,97.2,3.74,2001,Western
336,Sacramento Kings*,55,27,.671,1.0,101.7,95.9,6.07,2001,Western
337,Phoenix Suns*,51,31,.622,5.0,94.0,91.8,2.63,2001,Western
338,Portland Trail Blazers*,50,32,.610,6.0,95.4,91.2,4.52,2001,Western
339,Seattle SuperSonics,44,38,.537,12.0,97.3,97.3,0.55,2001,Western
340,Los Angeles Clippers,31,51,.378,25.0,92.5,95.3,-2.23,2001,Western
341,Golden State Warriors,17,65,.207,39.0,92.5,101.5,-8.11,2001,Western
342,New Jersey Nets*,52,30,.634,—,96.2,92.0,3.67,2002,Eastern
343,Boston Celtics*,49,33,.598,3.0,96.4,94.1,1.75,2002,Eastern
344,Orlando Magic*,44,38,.537,8.0,100.5,98.9,1.25,2002,Eastern
345,Philadelphia 76ers*,43,39,.524,9.0,91.0,89.4,1.27,2002,Eastern
346,Washington Wizards,37,45,.451,15.0,92.8,94.2,-1.58,2002,Eastern
347,Miami Heat,36,46,.439,16.0,87.2,88.7,-1.84,2002,Eastern
348,New York Knicks,30,52,.366,22.0,91.6,95.6,-4.15,2002,Eastern
349,Central Division,Central Division,Central Division,Central Division,Central Division,Central Division,Central Division,Central Division,2002,Eastern
350,Detroit Pistons*,50,32,.610,—,94.3,92.2,1.69,2002,Eastern
351,Charlotte Hornets*,44,38,.537,6.0,93.9,92.9,0.57,2002,Eastern
352,Toronto Raptors*,42,40,.512,8.0,91.4,91.8,-0.71,2002,Eastern
353,Indiana Pacers*,42,40,.512,8.0,96.8,96.5,-0.07,2002,Eastern
354,Milwaukee Bucks,41,41,.500,9.0,97.5,97.7,-0.62,2002,Eastern
355,Atlanta Hawks,33,49,.402,17.0,94.0,98.3,-4.41,2002,Eastern
356,Cleveland Cavaliers,29,53,.354,21.0,95.3,98.6,-3.52,2002,Eastern
357,Chicago Bulls,21,61,.256,29.0,89.5,98.0,-8.52,2002,Eastern
358,Midwest Division,Midwest Division,Midwest Division,Midwest Division,Midwest Division,Midwest Division,Midwest Division,Midwest Division,2002,Western
359,San Antonio Spurs*,58,24,.707,—,96.7,90.5,6.28,2002,Western
360,Dallas Mavericks*,57,25,.695,1.0,105.2,101.0,4.41,2002,Western
361,Minnesota Timberwolves*,50,32,.610,8.0,99.3,96.0,3.58,2002,Western
362,Utah Jazz*,44,38,.537,14.0,96.0,95.1,1.21,2002,Western
363,Houston Rockets,28,54,.341,30.0,92.3,97.2,-4.31,2002,Western
364,Denver Nuggets,27,55,.329,31.0,92.2,98.0,-5.19,2002,Western
365,Memphis Grizzlies,23,59,.280,35.0,89.9,97.3,-6.74,2002,Western
366,Pacific Division,Pacific Division,Pacific Division,Pacific Division,Pacific Division,Pacific Division,Pacific Division,Pacific Division,2002,Western
367,Sacramento Kings*,61,21,.744,—,104.6,97.0,7.61,2002,Western
368,Los Angeles Lakers*,58,24,.707,3.0,101.3,94.1,7.15,2002,Western
369,Portland Trail Blazers*,49,33,.598,12.0,96.6,93.7,3.21,2002,Western
370,Seattle SuperSonics*,45,37,.549,16.0,97.7,94.7,3.24,2002,Western
371,Los Angeles Clippers,39,43,.476,22.0,95.7,96.1,-0.09,2002,Western
372,Phoenix Suns,36,46,.439,25.0,95.1,95.8,-0.30,2002,Western
373,Golden State Warriors,21,61,.256,40.0,97.7,103.1,-4.80,2002,Western
374,New Jersey Nets*,49,33,.598,—,95.4,90.1,4.42,2003,Eastern
375,Philadelphia 76ers*,48,34,.585,1.0,96.8,94.5,1.76,2003,Eastern
376,Boston Celtics*,44,38,.537,5.0,92.7,93.1,-0.75,2003,Eastern
377,Orlando Magic*,42,40,.512,7.0,98.5,98.4,-0.39,2003,Eastern
378,Washington Wizards,37,45,.451,12.0,91.5,92.5,-1.47,2003,Eastern
379,New York Knicks,37,45,.451,12.0,95.9,97.2,-1.61,2003,Eastern
380,Miami Heat,25,57,.305,24.0,85.6,90.6,-5.13,2003,Eastern
381,Central Division,Central Division,Central Division,Central Division,Central Division,Central Division,Central Division,Central Division,2003,Eastern
382,Detroit Pistons*,50,32,.610,—,91.4,87.7,2.97,2003,Eastern
383,Indiana Pacers*,48,34,.585,2.0,96.8,93.3,2.79,2003,Eastern
384,New Orleans Hornets*,47,35,.573,3.0,93.9,91.8,1.52,2003,Eastern
385,Milwaukee Bucks*,42,40,.512,8.0,99.5,99.3,-0.24,2003,Eastern
386,Atlanta Hawks,35,47,.427,15.0,94.1,97.6,-3.87,2003,Eastern
387,Chicago Bulls,30,52,.366,20.0,95.0,100.1,-5.31,2003,Eastern
388,Toronto Raptors,24,58,.293,26.0,90.9,96.8,-6.10,2003,Eastern
389,Cleveland Cavaliers,17,65,.207,33.0,91.4,101.0,-9.59,2003,Eastern
390,Midwest Division,Midwest Division,Midwest Division,Midwest Division,Midwest Division,Midwest Division,Midwest Division,Midwest Division,2003,Western
391,San Antonio Spurs*,60,22,.732,—,95.8,90.4,5.65,2003,Western
392,Dallas Mavericks*,60,22,.732,—,103.0,95.2,7.90,2003,Western
393,Minnesota Timberwolves*,51,31,.622,9.0,98.1,96.0,2.46,2003,Western
394,Utah Jazz*,47,35,.573,13.0,94.7,92.3,2.76,2003,Western
395,Houston Rockets,43,39,.524,17.0,93.8,92.3,1.89,2003,Western
396,Memphis Grizzlies,28,54,.341,32.0,97.5,100.7,-2.60,2003,Western
397,Denver Nuggets,17,65,.207,43.0,84.2,92.4,-7.41,2003,Western
398,Pacific Division,Pacific Division,Pacific Division,Pacific Division,Pacific Division,Pacific Division,Pacific Division,Pacific Division,2003,Western
399,Sacramento Kings*,59,23,.720,—,101.7,95.2,6.68,2003,Western
400,Los Angeles Lakers*,50,32,.610,9.0,100.4,98.0,2.71,2003,Western
401,Portland Trail Blazers*,50,32,.610,9.0,95.2,92.5,2.97,2003,Western
402,Phoenix Suns*,44,38,.537,15.0,95.5,94.4,1.57,2003,Western
403,Seattle SuperSonics,40,42,.488,19.0,92.1,92.3,0.37,2003,Western
404,Golden State Warriors,38,44,.463,21.0,102.4,103.6,-0.60,2003,Western
405,Los Angeles Clippers,27,55,.329,32.0,93.8,97.9,-3.45,2003,Western
406,New Jersey Nets*,47,35,.573,—,90.3,87.8,1.88,2004,Eastern
407,Miami Heat*,42,40,.512,5.0,90.3,89.7,-0.13,2004,Eastern
408,New York Knicks*,39,43,.476,8.0,92.0,93.5,-1.97,2004,Eastern
409,Boston Celtics*,36,46,.439,11.0,95.3,96.7,-1.99,2004,Eastern
410,Philadelphia 76ers,33,49,.402,14.0,88.0,90.5,-2.95,2004,Eastern
411,Washington Wizards,25,57,.305,22.0,91.8,97.4,-6.12,2004,Eastern
412,Orlando Magic,21,61,.256,26.0,94.0,101.1,-7.25,2004,Eastern
413,Central Division,Central Division,Central Division,Central Division,Central Division,Central Division,Central Division,Central Division,2004,Eastern
414,Indiana Pacers*,61,21,.744,—,91.4,85.6,4.93,2004,Eastern
415,Detroit Pistons*,54,28,.659,7.0,90.1,84.3,5.04,2004,Eastern
416,New Orleans Hornets*,41,41,.500,20.0,91.8,91.9,-0.72,2004,Eastern
417,Milwaukee Bucks*,41,41,.500,20.0,98.0,97.0,0.42,2004,Eastern
418,Cleveland Cavaliers,35,47,.427,26.0,92.9,95.5,-3.07,2004,Eastern
419,Toronto Raptors,33,49,.402,28.0,85.4,88.5,-3.42,2004,Eastern
420,Atlanta Hawks,28,54,.341,33.0,92.8,97.5,-5.00,2004,Eastern
421,Chicago Bulls,23,59,.280,38.0,89.7,96.0,-6.69,2004,Eastern
422,Midwest Division,Midwest Division,Midwest Division,Midwest Division,Midwest Division,Midwest Division,Midwest Division,Midwest Division,2004,Western
423,Minnesota Timberwolves*,58,24,.707,—,94.5,89.1,5.86,2004,Western
424,San Antonio Spurs*,57,25,.695,1.0,91.5,84.3,7.51,2004,Western
425,Dallas Mavericks*,52,30,.634,6.0,105.2,100.8,4.86,2004,Western
426,Memphis Grizzlies*,50,32,.610,8.0,96.7,94.3,2.95,2004,Western
427,Houston Rockets*,45,37,.549,13.0,89.8,88.0,2.28,2004,Western
428,Denver Nuggets*,43,39,.524,15.0,97.2,96.1,1.65,2004,Western
429,Utah Jazz,42,40,.512,16.0,88.7,89.9,-0.53,2004,Western
430,Pacific Division,Pacific Division,Pacific Division,Pacific Division,Pacific Division,Pacific Division,Pacific Division,Pacific Division,2004,Western
431,Los Angeles Lakers*,56,26,.683,—,98.2,94.3,4.35,2004,Western
432,Sacramento Kings*,55,27,.671,1.0,102.8,97.8,5.41,2004,Western
433,Portland Trail Blazers,41,41,.500,15.0,90.7,92.0,-0.58,2004,Western
434,Golden State Warriors,37,45,.451,19.0,93.3,94.0,-0.07,2004,Western
435,Seattle SuperSonics,37,45,.451,19.0,97.1,97.8,0.02,2004,Western
436,Phoenix Suns,29,53,.354,27.0,94.2,97.9,-2.94,2004,Western
437,Los Angeles Clippers,28,54,.341,28.0,94.8,99.4,-3.74,2004,Western
438,Boston Celtics*,45,37,.549,—,101.3,100.4,0.35,2005,Eastern
439,Philadelphia 76ers*,43,39,.524,2.0,99.1,99.9,-1.07,2005,Eastern
440,New Jersey Nets*,42,40,.512,3.0,91.4,92.9,-1.82,2005,Eastern
441,Toronto Raptors,33,49,.402,12.0,99.7,101.4,-1.81,2005,Eastern
442,New York Knicks,33,49,.402,12.0,97.3,99.7,-2.72,2005,Eastern
443,Central Division,Central Division,Central Division,Central Division,Central Division,Central Division,Central Division,Central Division,2005,Eastern
444,Detroit Pistons*,54,28,.659,—,93.3,89.5,3.31,2005,Eastern
445,Chicago Bulls*,47,35,.573,7.0,94.5,93.4,0.65,2005,Eastern
446,Indiana Pacers*,44,38,.537,10.0,93.0,92.2,0.49,2005,Eastern
447,Cleveland Cavaliers,42,40,.512,12.0,96.5,95.7,0.27,2005,Eastern
448,Milwaukee Bucks,30,52,.366,24.0,97.2,100.2,-3.09,2005,Eastern
449,Southeast Division,Southeast Division,Southeast Division,Southeast Division,Southeast Division,Southeast Division,Southeast Division,Southeast Division,2005,Eastern
450,Miami Heat*,59,23,.720,—,101.5,95.0,5.77,2005,Eastern
451,Washington Wizards*,45,37,.549,14.0,100.5,100.8,-0.71,2005,Eastern
452,Orlando Magic,36,46,.439,23.0,99.5,101.8,-2.52,2005,Eastern
453,Charlotte Bobcats,18,64,.220,41.0,94.3,100.2,-6.15,2005,Eastern
454,Atlanta Hawks,13,69,.159,46.0,92.7,102.5,-9.62,2005,Eastern
455,Northwest Division,Northwest Division,Northwest Division,Northwest Division,Northwest Division,Northwest Division,Northwest Division,Northwest Division,2005,Western
456,Seattle SuperSonics*,52,30,.634,—,98.9,96.6,2.59,2005,Western
457,Denver Nuggets*,49,33,.598,3.0,99.5,97.5,2.23,2005,Western
458,Minnesota Timberwolves,44,38,.537,8.0,96.8,95.3,1.73,2005,Western
459,Portland Trail Blazers,27,55,.329,25.0,92.9,96.9,-3.45,2005,Western
460,Utah Jazz,26,56,.317,26.0,93.0,97.3,-3.74,2005,Western
461,Pacific Division,Pacific Division,Pacific Division,Pacific Division,Pacific Division,Pacific Division,Pacific Division,Pacific Division,2005,Western
462,Phoenix Suns*,62,20,.756,—,110.4,103.3,7.08,2005,Western
463,Sacramento Kings*,50,32,.610,12.0,103.7,101.6,2.56,2005,Western
464,Los Angeles Clippers,37,45,.451,25.0,95.7,96.5,-0.47,2005,Western
465,Los Angeles Lakers,34,48,.415,28.0,98.7,101.7,-2.32,2005,Western
466,Golden State Warriors,34,48,.415,28.0,98.7,100.9,-1.74,2005,Western
467,Southwest Division,Southwest Division,Southwest Division,Southwest Division,Southwest Division,Southwest Division,Southwest Division,Southwest Division,2005,Western
468,San Antonio Spurs*,59,23,.720,—,96.2,88.4,7.84,2005,Western
469,Dallas Mavericks*,58,24,.707,1.0,102.5,96.8,5.86,2005,Western
470,Houston Rockets*,51,31,.622,8.0,95.1,91.0,4.27,2005,Western
471,Memphis Grizzlies*,45,37,.549,14.0,93.4,91.1,2.64,2005,Western
472,New Orleans Hornets,18,64,.220,41.0,88.4,95.5,-6.30,2005,Western
473,New Jersey Nets*,49,33,.598,—,93.8,92.4,1.11,2006,Eastern
474,Philadelphia 76ers,38,44,.463,11.0,99.4,101.3,-2.10,2006,Eastern
475,Boston Celtics,33,49,.402,16.0,98.0,99.5,-1.59,2006,Eastern
476,Toronto Raptors,27,55,.329,22.0,101.1,104.0,-3.03,2006,Eastern
477,New York Knicks,23,59,.280,26.0,95.6,102.0,-6.30,2006,Eastern
478,Central Division,Central Division,Central Division,Central Division,Central Division,Central Division,Central Division,Central Division,2006,Eastern
479,Detroit Pistons*,64,18,.780,—,96.8,90.2,6.24,2006,Eastern
480,Cleveland Cavaliers*,50,32,.610,14.0,97.6,95.4,2.17,2006,Eastern
481,Indiana Pacers*,41,41,.500,23.0,93.9,92.0,1.62,2006,Eastern
482,Chicago Bulls*,41,41,.500,23.0,97.8,97.2,0.51,2006,Eastern
483,Milwaukee Bucks*,40,42,.488,24.0,97.8,98.8,-1.07,2006,Eastern
484,Southeast Division,Southeast Division,Southeast Division,Southeast Division,Southeast Division,Southeast Division,Southeast Division,Southeast Division,2006,Eastern
485,Miami Heat*,52,30,.634,—,99.9,96.0,3.59,2006,Eastern
486,Washington Wizards*,42,40,.512,10.0,101.7,99.8,1.57,2006,Eastern
487,Orlando Magic,36,46,.439,16.0,94.9,96.0,-1.26,2006,Eastern
488,Charlotte Bobcats,26,56,.317,26.0,96.9,100.9,-3.90,2006,Eastern
489,Atlanta Hawks,26,56,.317,26.0,97.2,102.0,-4.69,2006,Eastern
490,Northwest Division,Northwest Division,Northwest Division,Northwest Division,Northwest Division,Northwest Division,Northwest Division,Northwest Division,2006,Western
491,Denver Nuggets*,44,38,.537,—,100.3,100.1,0.36,2006,Western
492,Utah Jazz,41,41,.500,3.0,92.4,95.0,-2.49,2006,Western
493,Seattle SuperSonics,35,47,.427,9.0,102.6,105.6,-2.88,2006,Western
494,Minnesota Timberwolves,33,49,.402,11.0,91.7,93.6,-1.75,2006,Western
495,Portland Trail Blazers,21,61,.256,23.0,88.8,98.3,-8.91,2006,Western
496,Pacific Division,Pacific Division,Pacific Division,Pacific Division,Pacific Division,Pacific Division,Pacific Division,Pacific Division,2006,Western
497,Phoenix Suns*,54,28,.659,—,108.4,102.8,5.48,2006,Western
498,Los Angeles Clippers*,47,35,.573,7.0,97.2,95.6,1.75,2006,Western
499,Los Angeles Lakers*,45,37,.549,9.0,99.4,96.9,2.53,2006,Western
500,Sacramento Kings*,44,38,.537,10.0,98.9,97.3,1.61,2006,Western
501,Golden State Warriors,34,48,.415,20.0,98.5,99.8,-1.11,2006,Western
502,Southwest Division,Southwest Division,Southwest Division,Southwest Division,Southwest Division,Southwest Division,Southwest Division,Southwest Division,2006,Western
503,San Antonio Spurs*,63,19,.768,—,95.6,88.8,6.69,2006,Western
504,Dallas Mavericks*,60,22,.732,3.0,99.1,93.1,5.96,2006,Western
505,Memphis Grizzlies*,49,33,.598,14.0,92.2,88.5,3.74,2006,Western
506,New Orleans/Oklahoma City Hornets,38,44,.463,25.0,92.8,95.6,-2.51,2006,Western
507,Houston Rockets,34,48,.415,29.0,90.1,91.7,-1.30,2006,Western
508,Toronto Raptors*,47,35,.573,—,99.5,98.5,0.61,2007,Eastern
509,New Jersey Nets*,41,41,.500,6.0,97.6,98.3,-1.00,2007,Eastern
510,Philadelphia 76ers,35,47,.427,12.0,94.9,98.0,-3.26,2007,Eastern
511,New York Knicks,33,49,.402,14.0,97.5,100.3,-3.06,2007,Eastern
512,Boston Celtics,24,58,.293,23.0,95.8,99.2,-3.70,2007,Eastern
513,Central Division,Central Division,Central Division,Central Division,Central Division,Central Division,Central Division,Central Division,2007,Eastern
514,Detroit Pistons*,53,29,.646,—,96.0,91.8,3.69,2007,Eastern
515,Cleveland Cavaliers*,50,32,.610,3.0,96.8,92.9,3.33,2007,Eastern
516,Chicago Bulls*,49,33,.598,4.0,98.8,93.8,4.52,2007,Eastern
517,Indiana Pacers,35,47,.427,18.0,95.6,98.0,-2.62,2007,Eastern
518,Milwaukee Bucks,28,54,.341,25.0,99.7,104.0,-4.43,2007,Eastern
519,Southeast Division,Southeast Division,Southeast Division,Southeast Division,Southeast Division,Southeast Division,Southeast Division,Southeast Division,2007,Eastern
520,Miami Heat*,44,38,.537,—,94.6,95.5,-1.21,2007,Eastern
521,Washington Wizards*,41,41,.500,3.0,104.3,104.9,-0.80,2007,Eastern
522,Orlando Magic*,40,42,.488,4.0,94.8,94.0,0.35,2007,Eastern
523,Charlotte Bobcats,33,49,.402,11.0,96.9,100.6,-3.97,2007,Eastern
524,Atlanta Hawks,30,52,.366,14.0,93.7,98.4,-4.86,2007,Eastern
525,Northwest Division,Northwest Division,Northwest Division,Northwest Division,Northwest Division,Northwest Division,Northwest Division,Northwest Division,2007,Western
526,Utah Jazz*,51,31,.622,—,101.5,98.6,3.06,2007,Western
527,Denver Nuggets*,45,37,.549,6.0,105.4,103.7,1.69,2007,Western
528,Portland Trail Blazers,32,50,.390,19.0,94.1,98.4,-3.78,2007,Western
529,Minnesota Timberwolves,32,50,.390,19.0,96.1,99.7,-3.16,2007,Western
530,Seattle SuperSonics,31,51,.378,20.0,99.1,102.0,-2.45,2007,Western
531,Pacific Division,Pacific Division,Pacific Division,Pacific Division,Pacific Division,Pacific Division,Pacific Division,Pacific Division,2007,Western
532,Phoenix Suns*,61,21,.744,—,110.2,102.9,7.28,2007,Western
533,Los Angeles Lakers*,42,40,.512,19.0,103.3,103.4,0.24,2007,Western
534,Golden State Warriors*,42,40,.512,19.0,106.5,106.9,0.00,2007,Western
535,Los Angeles Clippers,40,42,.488,21.0,95.6,96.1,-0.07,2007,Western
536,Sacramento Kings,33,49,.402,28.0,101.3,103.1,-1.35,2007,Western
537,Southwest Division,Southwest Division,Southwest Division,Southwest Division,Southwest Division,Southwest Division,Southwest Division,Southwest Division,2007,Western
538,Dallas Mavericks*,67,15,.817,—,100.0,92.8,7.28,2007,Western
539,San Antonio Spurs*,58,24,.707,9.0,98.5,90.1,8.35,2007,Western
540,Houston Rockets*,52,30,.634,15.0,97.0,92.1,5.04,2007,Western
541,New Orleans/Oklahoma City Hornets,39,43,.476,28.0,95.5,97.1,-1.19,2007,Western
542,Memphis Grizzlies,22,60,.268,45.0,101.6,106.7,-4.44,2007,Western
543,Boston Celtics*,66,16,.805,—,100.5,90.3,9.30,2008,Eastern
544,Toronto Raptors*,41,41,.500,25.0,100.2,97.3,2.47,2008,Eastern
545,Philadelphia 76ers*,40,42,.488,26.0,96.6,96.2,0.19,2008,Eastern
546,New Jersey Nets,34,48,.415,32.0,95.8,100.9,-5.15,2008,Eastern
547,New York Knicks,23,59,.280,43.0,96.9,103.5,-6.55,2008,Eastern
548,Central Division,Central Division,Central Division,Central Division,Central Division,Central Division,Central Division,Central Division,2008,Eastern
549,Detroit Pistons*,59,23,.720,—,97.5,90.1,6.67,2008,Eastern
550,Cleveland Cavaliers*,45,37,.549,14.0,96.4,96.7,-0.53,2008,Eastern
551,Indiana Pacers,36,46,.439,23.0,104.0,105.4,-1.87,2008,Eastern
552,Chicago Bulls,33,49,.402,26.0,97.3,100.4,-3.19,2008,Eastern
553,Milwaukee Bucks,26,56,.317,33.0,97.0,103.9,-6.92,2008,Eastern
554,Southeast Division,Southeast Division,Southeast Division,Southeast Division,Southeast Division,Southeast Division,Southeast Division,Southeast Division,2008,Eastern
555,Orlando Magic*,52,30,.634,—,104.5,99.0,4.79,2008,Eastern
556,Washington Wizards*,43,39,.524,9.0,98.8,99.2,-0.61,2008,Eastern
557,Atlanta Hawks*,37,45,.451,15.0,98.2,100.0,-2.23,2008,Eastern
558,Charlotte Bobcats,32,50,.390,20.0,97.1,101.4,-4.49,2008,Eastern
559,Miami Heat,15,67,.183,37.0,91.4,100.0,-8.53,2008,Eastern
560,Northwest Division,Northwest Division,Northwest Division,Northwest Division,Northwest Division,Northwest Division,Northwest Division,Northwest Division,2008,Western
561,Utah Jazz*,54,28,.659,—,106.2,99.3,6.86,2008,Western
562,Denver Nuggets*,50,32,.610,4.0,110.7,107.0,3.74,2008,Western
563,Portland Trail Blazers,41,41,.500,13.0,95.4,96.3,-0.52,2008,Western
564,Minnesota Timberwolves,22,60,.268,32.0,95.6,102.4,-6.26,2008,Western
565,Seattle SuperSonics,20,62,.244,34.0,97.5,106.3,-8.04,2008,Western
566,Pacific Division,Pacific Division,Pacific Division,Pacific Division,Pacific Division,Pacific Division,Pacific Division,Pacific Division,2008,Western
567,Los Angeles Lakers*,57,25,.695,—,108.6,101.3,7.34,2008,Western
568,Phoenix Suns*,55,27,.671,2.0,110.1,105.0,5.14,2008,Western
569,Golden State Warriors,48,34,.585,9.0,111.0,108.8,2.38,2008,Western
570,Sacramento Kings,38,44,.463,19.0,102.5,104.8,-1.86,2008,Western
571,Los Angeles Clippers,23,59,.280,34.0,93.8,101.1,-6.56,2008,Western
572,Southwest Division,Southwest Division,Southwest Division,Southwest Division,Southwest Division,Southwest Division,Southwest Division,Southwest Division,2008,Western
573,New Orleans Hornets*,56,26,.683,—,100.9,95.6,5.46,2008,Western
574,San Antonio Spurs*,56,26,.683,—,95.4,90.6,5.10,2008,Western
575,Houston Rockets*,55,27,.671,1.0,96.7,92.0,4.83,2008,Western
576,Dallas Mavericks*,51,31,.622,5.0,100.4,95.9,4.70,2008,Western
577,Memphis Grizzlies,22,60,.268,34.0,100.7,106.9,-5.76,2008,Western
578,Boston Celtics*,62,20,.756,—,100.9,93.4,7.44,2009,Eastern
579,Philadelphia 76ers*,41,41,.500,21.0,97.4,97.3,0.16,2009,Eastern
580,New Jersey Nets,34,48,.415,28.0,98.1,100.5,-2.31,2009,Eastern
581,Toronto Raptors,33,49,.402,29.0,99.0,101.9,-2.54,2009,Eastern
582,New York Knicks,32,50,.390,30.0,105.2,107.8,-2.33,2009,Eastern
583,Central Division,Central Division,Central Division,Central Division,Central Division,Central Division,Central Division,Central Division,2009,Eastern
584,Cleveland Cavaliers*,66,16,.805,—,100.3,91.4,8.68,2009,Eastern
585,Chicago Bulls*,41,41,.500,25.0,102.2,102.5,-0.16,2009,Eastern
586,Detroit Pistons*,39,43,.476,27.0,94.2,94.7,-0.36,2009,Eastern
587,Indiana Pacers,36,46,.439,30.0,105.1,106.2,-0.76,2009,Eastern
588,Milwaukee Bucks,34,48,.415,32.0,99.3,100.4,-0.88,2009,Eastern
589,Southeast Division,Southeast Division,Southeast Division,Southeast Division,Southeast Division,Southeast Division,Southeast Division,Southeast Division,2009,Eastern
590,Orlando Magic*,59,23,.720,—,101.0,94.4,6.48,2009,Eastern
591,Atlanta Hawks*,47,35,.573,12.0,98.1,96.5,1.70,2009,Eastern
592,Miami Heat*,43,39,.524,16.0,98.3,98.0,0.49,2009,Eastern
593,Charlotte Bobcats,35,47,.427,24.0,93.6,94.9,-1.20,2009,Eastern
594,Washington Wizards,19,63,.232,40.0,96.1,103.5,-6.98,2009,Eastern
595,Northwest Division,Northwest Division,Northwest Division,Northwest Division,Northwest Division,Northwest Division,Northwest Division,Northwest Division,2009,Western
596,Denver Nuggets*,54,28,.659,—,104.3,100.9,3.13,2009,Western
597,Portland Trail Blazers*,54,28,.659,—,99.4,94.1,5.00,2009,Western
598,Utah Jazz*,48,34,.585,6.0,103.6,100.9,2.31,2009,Western
599,Minnesota Timberwolves,24,58,.293,30.0,97.8,102.7,-4.74,2009,Western
600,Oklahoma City Thunder,23,59,.280,31.0,97.0,103.1,-6.04,2009,Western
601,Pacific Division,Pacific Division,Pacific Division,Pacific Division,Pacific Division,Pacific Division,Pacific Division,Pacific Division,2009,Western
602,Los Angeles Lakers*,65,17,.793,—,106.9,99.3,7.11,2009,Western
603,Phoenix Suns,46,36,.561,19.0,109.4,107.5,1.62,2009,Western
604,Golden State Warriors,29,53,.354,36.0,108.6,112.3,-3.80,2009,Western
605,Los Angeles Clippers,19,63,.232,46.0,95.1,103.9,-8.47,2009,Western
606,Sacramento Kings,17,65,.207,48.0,100.6,109.3,-8.60,2009,Western
607,Southwest Division,Southwest Division,Southwest Division,Southwest Division,Southwest Division,Southwest Division,Southwest Division,Southwest Division,2009,Western
608,San Antonio Spurs*,54,28,.659,—,97.0,93.3,3.36,2009,Western
609,Houston Rockets*,53,29,.646,1.0,98.4,94.4,3.73,2009,Western
610,Dallas Mavericks*,50,32,.610,4.0,101.7,99.8,1.68,2009,Western
611,New Orleans Hornets*,49,33,.598,5.0,95.8,94.3,1.41,2009,Western
612,Memphis Grizzlies,24,58,.293,30.0,93.9,99.3,-5.23,2009,Western
613,Boston Celtics*,50,32,.610,—,99.2,95.6,3.37,2010,Eastern
614,Toronto Raptors,40,42,.488,10.0,104.1,105.9,-1.83,2010,Eastern
615,New York Knicks,29,53,.354,21.0,102.1,105.9,-4.01,2010,Eastern
616,Philadelphia 76ers,27,55,.329,23.0,97.7,101.6,-3.93,2010,Eastern
617,New Jersey Nets,12,70,.146,38.0,92.4,101.5,-8.93,2010,Eastern
618,Central Division,Central Division,Central Division,Central Division,Central Division,Central Division,Central Division,Central Division,2010,Eastern
619,Cleveland Cavaliers*,61,21,.744,—,102.1,95.6,6.17,2010,Eastern
620,Milwaukee Bucks*,46,36,.561,15.0,97.7,96.0,1.37,2010,Eastern
621,Chicago Bulls*,41,41,.500,20.0,97.5,99.1,-1.64,2010,Eastern
622,Indiana Pacers,32,50,.390,29.0,100.8,103.8,-3.11,2010,Eastern
623,Detroit Pistons,27,55,.329,34.0,94.0,99.1,-5.02,2010,Eastern
624,Southeast Division,Southeast Division,Southeast Division,Southeast Division,Southeast Division,Southeast Division,Southeast Division,Southeast Division,2010,Eastern
625,Orlando Magic*,59,23,.720,—,102.8,95.3,7.12,2010,Eastern
626,Atlanta Hawks*,53,29,.646,6.0,101.7,97.0,4.44,2010,Eastern
627,Miami Heat*,47,35,.573,12.0,96.5,94.2,1.99,2010,Eastern
628,Charlotte Bobcats*,44,38,.537,15.0,95.3,93.8,1.30,2010,Eastern
629,Washington Wizards,26,56,.317,33.0,96.2,101.0,-4.72,2010,Eastern
630,Northwest Division,Northwest Division,Northwest Division,Northwest Division,Northwest Division,Northwest Division,Northwest Division,Northwest Division,2010,Western
631,Denver Nuggets*,53,29,.646,—,106.5,102.4,4.15,2010,Western
632,Utah Jazz*,53,29,.646,—,104.2,98.9,5.33,2010,Western
633,Portland Trail Blazers*,50,32,.610,3.0,98.1,94.8,3.18,2010,Western
634,Oklahoma City Thunder*,50,32,.610,3.0,101.5,98.0,3.55,2010,Western
635,Minnesota Timberwolves,15,67,.183,38.0,98.2,107.8,-9.06,2010,Western
636,Pacific Division,Pacific Division,Pacific Division,Pacific Division,Pacific Division,Pacific Division,Pacific Division,Pacific Division,2010,Western
637,Los Angeles Lakers*,57,25,.695,—,101.7,97.0,4.78,2010,Western
638,Phoenix Suns*,54,28,.659,3.0,110.2,105.3,4.67,2010,Western
639,Los Angeles Clippers,29,53,.354,28.0,95.7,102.1,-6.01,2010,Western
640,Golden State Warriors,26,56,.317,31.0,108.8,112.4,-3.28,2010,Western
641,Sacramento Kings,25,57,.305,32.0,100.0,104.4,-4.06,2010,Western
642,Southwest Division,Southwest Division,Southwest Division,Southwest Division,Southwest Division,Southwest Division,Southwest Division,Southwest Division,2010,Western
643,Dallas Mavericks*,55,27,.671,—,102.0,99.3,2.66,2010,Western
644,San Antonio Spurs*,50,32,.610,5.0,101.4,96.3,5.07,2010,Western
645,Houston Rockets,42,40,.512,13.0,102.4,102.7,-0.02,2010,Western
646,Memphis Grizzlies,40,42,.488,15.0,102.5,104.0,-1.39,2010,Western
647,New Orleans Hornets,37,45,.451,18.0,100.2,102.7,-2.27,2010,Western
648,Boston Celtics*,56,26,.683,—,96.5,91.1,4.83,2011,Eastern
649,New York Knicks*,42,40,.512,14.0,106.5,105.7,0.48,2011,Eastern
650,Philadelphia 76ers*,41,41,.500,15.0,99.0,97.5,1.01,2011,Eastern
651,New Jersey Nets,24,58,.293,32.0,94.2,100.4,-6.28,2011,Eastern
652,Toronto Raptors,22,60,.268,34.0,99.1,105.4,-6.28,2011,Eastern
653,Central Division,Central Division,Central Division,Central Division,Central Division,Central Division,Central Division,Central Division,2011,Eastern
654,Chicago Bulls*,62,20,.756,—,98.6,91.3,6.53,2011,Eastern
655,Indiana Pacers*,37,45,.451,25.0,99.8,100.9,-1.38,2011,Eastern
656,Milwaukee Bucks,35,47,.427,27.0,91.9,92.7,-1.02,2011,Eastern
657,Detroit Pistons,30,52,.366,32.0,97.0,100.6,-3.78,2011,Eastern
658,Cleveland Cavaliers,19,63,.232,43.0,95.5,104.5,-8.88,2011,Eastern
659,Southeast Division,Southeast Division,Southeast Division,Southeast Division,Southeast Division,Southeast Division,Southeast Division,Southeast Division,2011,Eastern
660,Miami Heat*,58,24,.707,—,102.1,94.6,6.76,2011,Eastern
661,Orlando Magic*,52,30,.634,6.0,99.2,93.7,4.92,2011,Eastern
662,Atlanta Hawks*,44,38,.537,14.0,95.0,95.8,-1.10,2011,Eastern
663,Charlotte Bobcats,34,48,.415,24.0,93.3,97.3,-4.08,2011,Eastern
664,Washington Wizards,23,59,.280,35.0,97.3,104.7,-7.30,2011,Eastern
665,Northwest Division,Northwest Division,Northwest Division,Northwest Division,Northwest Division,Northwest Division,Northwest Division,Northwest Division,2011,Western
666,Oklahoma City Thunder*,55,27,.671,—,104.8,101.0,3.81,2011,Western
667,Denver Nuggets*,50,32,.610,5.0,107.5,102.7,4.81,2011,Western
668,Portland Trail Blazers*,48,34,.585,7.0,96.3,94.8,1.85,2011,Western
669,Utah Jazz,39,43,.476,16.0,99.4,101.3,-1.44,2011,Western
670,Minnesota Timberwolves,17,65,.207,38.0,101.1,107.7,-5.97,2011,Western
671,Pacific Division,Pacific Division,Pacific Division,Pacific Division,Pacific Division,Pacific Division,Pacific Division,Pacific Division,2011,Western
672,Los Angeles Lakers*,57,25,.695,—,101.5,95.4,6.01,2011,Western
673,Phoenix Suns,40,42,.488,17.0,105.0,105.9,-0.46,2011,Western
674,Golden State Warriors,36,46,.439,21.0,103.4,105.7,-2.00,2011,Western
675,Los Angeles Clippers,32,50,.390,25.0,98.6,101.8,-2.71,2011,Western
676,Sacramento Kings,24,58,.293,33.0,99.4,104.7,-4.80,2011,Western
677,Southwest Division,Southwest Division,Southwest Division,Southwest Division,Southwest Division,Southwest Division,Southwest Division,Southwest Division,2011,Western
678,San Antonio Spurs*,61,21,.744,—,103.7,98.0,5.86,2011,Western
679,Dallas Mavericks*,57,25,.695,4.0,100.2,96.0,4.41,2011,Western
680,New Orleans Hornets*,46,36,.561,15.0,94.9,94.0,1.28,2011,Western
681,Memphis Grizzlies*,46,36,.561,15.0,99.9,97.6,2.55,2011,Western
682,Houston Rockets,43,39,.524,18.0,105.9,103.7,2.37,2011,Western
683,Boston Celtics*,39,27,.591,—,91.8,89.3,2.26,2012,Eastern
684,New York Knicks*,36,30,.545,3.0,97.8,94.7,2.39,2012,Eastern
685,Philadelphia 76ers*,35,31,.530,4.0,93.6,89.4,3.59,2012,Eastern
686,Toronto Raptors,23,43,.348,16.0,90.7,94.0,-3.67,2012,Eastern
687,New Jersey Nets,22,44,.333,17.0,93.1,99.1,-6.37,2012,Eastern
688,Central Division,Central Division,Central Division,Central Division,Central Division,Central Division,Central Division,Central Division,2012,Eastern
689,Chicago Bulls*,50,16,.758,—,96.3,88.2,7.43,2012,Eastern
690,Indiana Pacers*,42,24,.636,8.0,97.7,94.4,2.60,2012,Eastern
691,Milwaukee Bucks,31,35,.470,19.0,99.0,98.7,-0.23,2012,Eastern
692,Detroit Pistons,25,41,.379,25.0,90.9,95.7,-5.19,2012,Eastern
693,Cleveland Cavaliers,21,45,.318,29.0,93.0,100.2,-7.34,2012,Eastern
694,Southeast Division,Southeast Division,Southeast Division,Southeast Division,Southeast Division,Southeast Division,Southeast Division,Southeast Division,2012,Eastern
695,Miami Heat*,46,20,.697,—,98.5,92.5,5.72,2012,Eastern
696,Atlanta Hawks*,40,26,.606,6.0,96.6,93.2,2.67,2012,Eastern
697,Orlando Magic*,37,29,.561,9.0,94.2,93.4,0.46,2012,Eastern
698,Washington Wizards,20,46,.303,26.0,93.6,98.4,-5.14,2012,Eastern
699,Charlotte Bobcats,7,59,.106,39.0,87.0,100.9,-13.96,2012,Eastern
700,Northwest Division,Northwest Division,Northwest Division,Northwest Division,Northwest Division,Northwest Division,Northwest Division,Northwest Division,2012,Western
701,Oklahoma City Thunder*,47,19,.712,—,103.1,96.9,6.44,2012,Western
702,Denver Nuggets*,38,28,.576,9.0,104.1,101.2,3.16,2012,Western
703,Utah Jazz*,36,30,.545,11.0,99.7,99.0,0.92,2012,Western
704,Portland Trail Blazers,28,38,.424,19.0,97.2,97.8,-0.22,2012,Western
705,Minnesota Timberwolves,26,40,.394,21.0,97.9,100.1,-1.83,2012,Western
706,Pacific Division,Pacific Division,Pacific Division,Pacific Division,Pacific Division,Pacific Division,Pacific Division,Pacific Division,2012,Western
707,Los Angeles Lakers*,41,25,.621,—,97.3,95.9,1.96,2012,Western
708,Los Angeles Clippers*,40,26,.606,1.0,97.5,95.0,2.82,2012,Western
709,Phoenix Suns,33,33,.500,8.0,98.4,98.6,0.29,2012,Western
710,Golden State Warriors,23,43,.348,18.0,97.8,101.2,-2.79,2012,Western
711,Sacramento Kings,22,44,.333,19.0,98.8,104.4,-4.95,2012,Western
712,Southwest Division,Southwest Division,Southwest Division,Southwest Division,Southwest Division,Southwest Division,Southwest Division,Southwest Division,2012,Western
713,San Antonio Spurs*,50,16,.758,—,103.7,96.5,7.28,2012,Western
714,Memphis Grizzlies*,41,25,.621,9.0,95.0,93.0,2.43,2012,Western
715,Dallas Mavericks*,36,30,.545,14.0,95.8,94.8,1.78,2012,Western
716,Houston Rockets,34,32,.515,16.0,98.1,97.9,0.57,2012,Western
717,New Orleans Hornets,21,45,.318,29.0,89.6,93.4,-3.11,2012,Western
718,New York Knicks*,54,28,.659,—,100.0,95.7,3.73,2013,Eastern
719,Brooklyn Nets*,49,33,.598,5.0,96.9,95.1,1.25,2013,Eastern
720,Boston Celtics*,41,40,.506,12.5,96.5,96.7,-0.62,2013,Eastern
721,Philadelphia 76ers,34,48,.415,20.0,93.2,96.5,-3.51,2013,Eastern
722,Toronto Raptors,34,48,.415,20.0,97.2,98.7,-1.96,2013,Eastern
723,Central Division,Central Division,Central Division,Central Division,Central Division,Central Division,Central Division,Central Division,2013,Eastern
724,Indiana Pacers*,49,32,.605,—,94.7,90.7,3.34,2013,Eastern
725,Chicago Bulls*,45,37,.549,4.5,93.2,92.9,-0.02,2013,Eastern
726,Milwaukee Bucks*,38,44,.463,11.5,98.9,100.4,-1.83,2013,Eastern
727,Detroit Pistons,29,53,.354,20.5,94.9,98.8,-4.33,2013,Eastern
728,Cleveland Cavaliers,24,58,.293,25.5,96.5,101.2,-4.87,2013,Eastern
729,Southeast Division,Southeast Division,Southeast Division,Southeast Division,Southeast Division,Southeast Division,Southeast Division,Southeast Division,2013,Eastern
730,Miami Heat*,66,16,.805,—,102.9,95.0,7.03,2013,Eastern
731,Atlanta Hawks*,44,38,.537,22.0,98.0,97.5,-0.08,2013,Eastern
732,Washington Wizards,29,53,.354,37.0,93.2,95.8,-2.78,2013,Eastern
733,Charlotte Bobcats,21,61,.256,45.0,93.4,102.7,-9.29,2013,Eastern
734,Orlando Magic,20,62,.244,46.0,94.1,101.1,-7.12,2013,Eastern
735,Northwest Division,Northwest Division,Northwest Division,Northwest Division,Northwest Division,Northwest Division,Northwest Division,Northwest Division,2013,Western
736,Oklahoma City Thunder*,60,22,.732,—,105.7,96.5,9.15,2013,Western
737,Denver Nuggets*,57,25,.695,3.0,106.1,101.1,5.37,2013,Western
738,Utah Jazz,43,39,.524,17.0,98.0,98.1,0.30,2013,Western
739,Portland Trail Blazers,33,49,.402,27.0,97.5,100.7,-2.53,2013,Western
740,Minnesota Timberwolves,31,51,.378,29.0,95.7,98.1,-1.83,2013,Western
741,Pacific Division,Pacific Division,Pacific Division,Pacific Division,Pacific Division,Pacific Division,Pacific Division,Pacific Division,2013,Western
742,Los Angeles Clippers*,56,26,.683,—,101.1,94.6,6.43,2013,Western
743,Golden State Warriors*,47,35,.573,9.0,101.2,100.3,1.32,2013,Western
744,Los Angeles Lakers*,45,37,.549,11.0,102.2,101.0,1.48,2013,Western
745,Sacramento Kings,28,54,.341,28.0,100.2,105.1,-4.26,2013,Western
746,Phoenix Suns,25,57,.305,31.0,95.2,101.6,-5.75,2013,Western
747,Southwest Division,Southwest Division,Southwest Division,Southwest Division,Southwest Division,Southwest Division,Southwest Division,Southwest Division,2013,Western
748,San Antonio Spurs*,58,24,.707,—,103.0,96.6,6.67,2013,Western
749,Memphis Grizzlies*,56,26,.683,2.0,93.4,89.3,4.32,2013,Western
750,Houston Rockets*,45,37,.549,13.0,106.0,102.5,3.69,2013,Western
751,Dallas Mavericks,41,41,.500,17.0,101.1,101.7,-0.24,2013,Western
752,New Orleans Hornets,27,55,.329,31.0,94.1,97.9,-3.12,2013,Western
753,Toronto Raptors*,48,34,.585,—,101.3,98.0,2.55,2014,Eastern
754,Brooklyn Nets*,44,38,.537,4.0,98.5,99.5,-1.58,2014,Eastern
755,New York Knicks,37,45,.451,11.0,98.6,99.4,-1.40,2014,Eastern
756,Boston Celtics,25,57,.305,23.0,96.2,100.7,-4.97,2014,Eastern
757,Philadelphia 76ers,19,63,.232,29.0,99.5,109.9,-10.66,2014,Eastern
758,Central Division,Central Division,Central Division,Central Division,Central Division,Central Division,Central Division,Central Division,2014,Eastern
759,Indiana Pacers*,56,26,.683,—,96.7,92.3,3.63,2014,Eastern
760,Chicago Bulls*,48,34,.585,8.0,93.7,91.8,1.20,2014,Eastern
761,Cleveland Cavaliers,33,49,.402,23.0,98.2,101.5,-3.86,2014,Eastern
762,Detroit Pistons,29,53,.354,27.0,101.0,104.7,-4.13,2014,Eastern
763,Milwaukee Bucks,15,67,.183,41.0,95.5,103.7,-8.41,2014,Eastern
764,Southeast Division,Southeast Division,Southeast Division,Southeast Division,Southeast Division,Southeast Division,Southeast Division,Southeast Division,2014,Eastern
765,Miami Heat*,54,28,.659,—,102.2,97.4,4.15,2014,Eastern
766,Washington Wizards*,44,38,.537,10.0,100.7,99.4,0.48,2014,Eastern
767,Charlotte Bobcats*,43,39,.524,11.0,96.9,97.1,-0.89,2014,Eastern
768,Atlanta Hawks*,38,44,.463,16.0,101.0,101.5,-0.88,2014,Eastern
769,Orlando Magic,23,59,.280,31.0,96.5,102.0,-5.88,2014,Eastern
770,Northwest Division,Northwest Division,Northwest Division,Northwest Division,Northwest Division,Northwest Division,Northwest Division,Northwest Division,2014,Western
771,Oklahoma City Thunder*,59,23,.720,—,106.2,99.8,6.66,2014,Western
772,Portland Trail Blazers*,54,28,.659,5.0,106.7,102.8,4.44,2014,Western
773,Minnesota Timberwolves,40,42,.488,19.0,106.9,104.3,3.10,2014,Western
774,Denver Nuggets,36,46,.439,23.0,104.4,106.5,-1.40,2014,Western
775,Utah Jazz,25,57,.305,34.0,95.0,102.2,-6.27,2014,Western
776,Pacific Division,Pacific Division,Pacific Division,Pacific Division,Pacific Division,Pacific Division,Pacific Division,Pacific Division,2014,Western
777,Los Angeles Clippers*,57,25,.695,—,107.9,101.0,7.27,2014,Western
778,Golden State Warriors*,51,31,.622,6.0,104.3,99.5,5.15,2014,Western
779,Phoenix Suns,48,34,.585,9.0,105.2,102.6,3.02,2014,Western
780,Sacramento Kings,28,54,.341,29.0,100.5,103.4,-2.08,2014,Western
781,Los Angeles Lakers,27,55,.329,30.0,103.0,109.2,-5.33,2014,Western
782,Southwest Division,Southwest Division,Southwest Division,Southwest Division,Southwest Division,Southwest Division,Southwest Division,Southwest Division,2014,Western
783,San Antonio Spurs*,62,20,.756,—,105.4,97.6,8.00,2014,Western
784,Houston Rockets*,54,28,.659,8.0,107.7,103.1,5.06,2014,Western
785,Memphis Grizzlies*,50,32,.610,12.0,96.1,94.6,2.18,2014,Western
786,Dallas Mavericks*,49,33,.598,13.0,104.8,102.4,2.91,2014,Western
787,New Orleans Pelicans,34,48,.415,28.0,99.7,102.4,-1.98,2014,Western
788,Toronto Raptors*,49,33,.598,—,104.0,100.9,2.45,2015,Eastern
789,Boston Celtics*,40,42,.488,9.0,101.4,101.2,-0.40,2015,Eastern
790,Brooklyn Nets*,38,44,.463,11.0,98.0,100.9,-3.13,2015,Eastern
791,Philadelphia 76ers,18,64,.220,31.0,92.0,101.0,-9.04,2015,Eastern
792,New York Knicks,17,65,.207,32.0,91.9,101.2,-9.50,2015,Eastern
793,Central Division,Central Division,Central Division,Central Division,Central Division,Central Division,Central Division,Central Division,2015,Eastern
794,Cleveland Cavaliers*,53,29,.646,—,103.1,98.7,4.08,2015,Eastern
795,Chicago Bulls*,50,32,.610,3.0,100.8,97.8,2.54,2015,Eastern
796,Milwaukee Bucks*,41,41,.500,12.0,97.8,97.4,-0.09,2015,Eastern
797,Indiana Pacers,38,44,.463,15.0,97.3,97.0,-0.23,2015,Eastern
798,Detroit Pistons,32,50,.390,21.0,98.5,99.5,-1.39,2015,Eastern
799,Southeast Division,Southeast Division,Southeast Division,Southeast Division,Southeast Division,Southeast Division,Southeast Division,Southeast Division,2015,Eastern
800,Atlanta Hawks*,60,22,.732,—,102.5,97.1,4.75,2015,Eastern
801,Washington Wizards*,46,36,.561,14.0,98.5,97.8,0.17,2015,Eastern
802,Miami Heat,37,45,.451,23.0,94.7,97.3,-2.92,2015,Eastern
803,Charlotte Hornets,33,49,.402,27.0,94.2,97.3,-3.44,2015,Eastern
804,Orlando Magic,25,57,.305,35.0,95.7,101.4,-5.87,2015,Eastern
805,Northwest Division,Northwest Division,Northwest Division,Northwest Division,Northwest Division,Northwest Division,Northwest Division,Northwest Division,2015,Western
806,Portland Trail Blazers*,51,31,.622,—,102.8,98.6,4.41,2015,Western
807,Oklahoma City Thunder,45,37,.549,6.0,104.0,101.8,2.47,2015,Western
808,Utah Jazz,38,44,.463,13.0,95.1,94.9,0.71,2015,Western
809,Denver Nuggets,30,52,.366,21.0,101.5,105.0,-3.07,2015,Western
810,Minnesota Timberwolves,16,66,.195,35.0,97.8,106.5,-8.00,2015,Western
811,Pacific Division,Pacific Division,Pacific Division,Pacific Division,Pacific Division,Pacific Division,Pacific Division,Pacific Division,2015,Western
812,Golden State Warriors*,67,15,.817,—,110.0,99.9,10.01,2015,Western
813,Los Angeles Clippers*,56,26,.683,11.0,106.7,100.1,6.80,2015,Western
814,Phoenix Suns,39,43,.476,28.0,102.4,103.3,-0.38,2015,Western
815,Sacramento Kings,29,53,.354,38.0,101.3,105.0,-3.07,2015,Western
816,Los Angeles Lakers,21,61,.256,46.0,98.5,105.3,-6.17,2015,Western
817,Southwest Division,Southwest Division,Southwest Division,Southwest Division,Southwest Division,Southwest Division,Southwest Division,Southwest Division,2015,Western
818,Houston Rockets*,56,26,.683,—,103.9,100.5,3.82,2015,Western
819,Memphis Grizzlies*,55,27,.671,1.0,98.3,95.1,3.62,2015,Western
820,San Antonio Spurs*,55,27,.671,1.0,103.2,97.0,6.34,2015,Western
821,Dallas Mavericks*,50,32,.610,6.0,105.2,102.3,3.36,2015,Western
822,New Orleans Pelicans*,45,37,.549,11.0,99.4,98.6,1.13,2015,Western
823,Toronto Raptors*,56,26,.683,—,102.7,98.2,4.08,2016,Eastern
824,Boston Celtics*,48,34,.585,8.0,105.7,102.5,2.84,2016,Eastern
825,New York Knicks,32,50,.390,24.0,98.4,101.1,-2.74,2016,Eastern
826,Brooklyn Nets,21,61,.256,35.0,98.6,106.0,-7.12,2016,Eastern
827,Philadelphia 76ers,10,72,.122,46.0,97.4,107.6,-9.92,2016,Eastern
828,Central Division,Central Division,Central Division,Central Division,Central Division,Central Division,Central Division,Central Division,2016,Eastern
829,Cleveland Cavaliers*,57,25,.695,—,104.3,98.3,5.45,2016,Eastern
830,Indiana Pacers*,45,37,.549,12.0,102.2,100.5,1.62,2016,Eastern
831,Detroit Pistons*,44,38,.537,13.0,102.0,101.4,0.43,2016,Eastern
832,Chicago Bulls,42,40,.512,15.0,101.6,103.1,-1.46,2016,Eastern
833,Milwaukee Bucks,33,49,.402,24.0,99.0,103.2,-3.98,2016,Eastern
834,Southeast Division,Southeast Division,Southeast Division,Southeast Division,Southeast Division,Southeast Division,Southeast Division,Southeast Division,2016,Eastern
835,Miami Heat*,48,34,.585,—,100.0,98.4,1.50,2016,Eastern
836,Atlanta Hawks*,48,34,.585,—,102.8,99.2,3.49,2016,Eastern
837,Charlotte Hornets*,48,34,.585,—,103.4,100.7,2.36,2016,Eastern
838,Washington Wizards,41,41,.500,7.0,104.1,104.6,-0.50,2016,Eastern
839,Orlando Magic,35,47,.427,13.0,102.1,103.7,-1.68,2016,Eastern
840,Northwest Division,Northwest Division,Northwest Division,Northwest Division,Northwest Division,Northwest Division,Northwest Division,Northwest Division,2016,Western
841,Oklahoma City Thunder*,55,27,.671,—,110.2,102.9,7.09,2016,Western
842,Portland Trail Blazers*,44,38,.537,11.0,105.1,104.3,0.98,2016,Western
843,Utah Jazz,40,42,.488,15.0,97.7,95.9,1.84,2016,Western
844,Denver Nuggets,33,49,.402,22.0,101.9,105.0,-2.81,2016,Western
845,Minnesota Timberwolves,29,53,.354,26.0,102.4,106.0,-3.38,2016,Western
846,Pacific Division,Pacific Division,Pacific Division,Pacific Division,Pacific Division,Pacific Division,Pacific Division,Pacific Division,2016,Western
847,Golden State Warriors*,73,9,.890,—,114.9,104.1,10.38,2016,Western
848,Los Angeles Clippers*,53,29,.646,20.0,104.5,100.2,4.13,2016,Western
849,Sacramento Kings,33,49,.402,40.0,106.6,109.1,-2.32,2016,Western
850,Phoenix Suns,23,59,.280,50.0,100.9,107.5,-6.32,2016,Western
851,Los Angeles Lakers,17,65,.207,56.0,97.3,106.9,-8.92,2016,Western
852,Southwest Division,Southwest Division,Southwest Division,Southwest Division,Southwest Division,Southwest Division,Southwest Division,Southwest Division,2016,Western
853,San Antonio Spurs*,67,15,.817,—,103.5,92.9,10.28,2016,Western
854,Dallas Mavericks*,42,40,.512,25.0,102.3,102.6,-0.02,2016,Western
855,Memphis Grizzlies*,42,40,.512,25.0,99.1,101.3,-2.14,2016,Western
856,Houston Rockets*,41,41,.500,26.0,106.5,106.4,0.34,2016,Western
857,New Orleans Pelicans,30,52,.366,37.0,102.7,106.5,-3.56,2016,Western
858,Boston Celtics*,53,29,.646,—,108.0,105.4,2.25,2017,Eastern
859,Toronto Raptors*,51,31,.622,2.0,106.9,102.6,3.65,2017,Eastern
860,New York Knicks,31,51,.378,22.0,104.3,108.0,-3.87,2017,Eastern
861,Philadelphia 76ers,28,54,.341,25.0,102.4,108.1,-5.83,2017,Eastern
862,Brooklyn Nets,20,62,.244,33.0,105.8,112.5,-6.74,2017,Eastern
863,Central Division,Central Division,Central Division,Central Division,Central Division,Central Division,Central Division,Central Division,2017,Eastern
864,Cleveland Cavaliers*,51,31,.622,—,110.3,107.2,2.87,2017,Eastern
865,Milwaukee Bucks*,42,40,.512,9.0,103.6,103.8,-0.45,2017,Eastern
866,Indiana Pacers*,42,40,.512,9.0,105.1,105.3,-0.64,2017,Eastern
867,Chicago Bulls*,41,41,.500,10.0,102.9,102.4,0.03,2017,Eastern
868,Detroit Pistons,37,45,.451,14.0,101.3,102.5,-1.29,2017,Eastern
869,Southeast Division,Southeast Division,Southeast Division,Southeast Division,Southeast Division,Southeast Division,Southeast Division,Southeast Division,2017,Eastern
870,Washington Wizards*,49,33,.598,—,109.2,107.4,1.36,2017,Eastern
871,Atlanta Hawks*,43,39,.524,6.0,103.2,104.0,-1.23,2017,Eastern
872,Miami Heat,41,41,.500,8.0,103.2,102.1,0.77,2017,Eastern
873,Charlotte Hornets,36,46,.439,13.0,104.9,104.7,-0.07,2017,Eastern
874,Orlando Magic,29,53,.354,20.0,101.1,107.6,-6.61,2017,Eastern
875,Northwest Division,Northwest Division,Northwest Division,Northwest Division,Northwest Division,Northwest Division,Northwest Division,Northwest Division,2017,Western
876,Utah Jazz*,51,31,.622,—,100.7,96.8,4.00,2017,Western
877,Oklahoma City Thunder*,47,35,.573,4.0,106.6,105.8,1.14,2017,Western
878,Portland Trail Blazers*,41,41,.500,10.0,107.9,108.5,-0.23,2017,Western
879,Denver Nuggets,40,42,.488,11.0,111.7,111.2,0.70,2017,Western
880,Minnesota Timberwolves,31,51,.378,20.0,105.6,106.7,-0.64,2017,Western
881,Pacific Division,Pacific Division,Pacific Division,Pacific Division,Pacific Division,Pacific Division,Pacific Division,Pacific Division,2017,Western
882,Golden State Warriors*,67,15,.817,—,115.9,104.3,11.35,2017,Western
883,Los Angeles Clippers*,51,31,.622,16.0,108.7,104.4,4.42,2017,Western
884,Sacramento Kings,32,50,.390,35.0,102.8,106.7,-3.29,2017,Western
885,Los Angeles Lakers,26,56,.317,41.0,104.6,111.5,-6.29,2017,Western
886,Phoenix Suns,24,58,.293,43.0,107.7,113.3,-5.14,2017,Western
887,Southwest Division,Southwest Division,Southwest Division,Southwest Division,Southwest Division,Southwest Division,Southwest Division,Southwest Division,2017,Western
888,San Antonio Spurs*,61,21,.744,—,105.3,98.1,7.13,2017,Western
889,Houston Rockets*,55,27,.671,6.0,115.3,109.6,5.84,2017,Western
890,Memphis Grizzlies*,43,39,.524,18.0,100.5,100.0,0.96,2017,Western
891,New Orleans Pelicans,34,48,.415,27.0,104.3,106.4,-1.69,2017,Western
892,Dallas Mavericks,33,49,.402,28.0,97.9,100.8,-2.53,2017,Western
893,Toronto Raptors*,59,23,.720,—,111.7,103.9,7.29,2018,Eastern
894,Boston Celtics*,55,27,.671,4.0,104.0,100.4,3.23,2018,Eastern
895,Philadelphia 76ers*,52,30,.634,7.0,109.8,105.3,4.30,2018,Eastern
896,New York Knicks,29,53,.354,30.0,104.5,108.0,-3.53,2018,Eastern
897,Brooklyn Nets,28,54,.341,31.0,106.6,110.3,-3.67,2018,Eastern
898,Central Division,Central Division,Central Division,Central Division,Central Division,Central Division,Central Division,Central Division,2018,Eastern
899,Cleveland Cavaliers*,50,32,.610,—,110.9,109.9,0.59,2018,Eastern
900,Indiana Pacers*,48,34,.585,2.0,105.6,104.2,1.18,2018,Eastern
901,Milwaukee Bucks*,44,38,.537,6.0,106.5,106.8,-0.45,2018,Eastern
902,Detroit Pistons,39,43,.476,11.0,103.8,103.9,-0.26,2018,Eastern
903,Chicago Bulls,27,55,.329,23.0,102.9,110.0,-6.84,2018,Eastern
904,Southeast Division,Southeast Division,Southeast Division,Southeast Division,Southeast Division,Southeast Division,Southeast Division,Southeast Division,2018,Eastern
905,Miami Heat*,44,38,.537,—,103.4,102.9,0.15,2018,Eastern
906,Washington Wizards*,43,39,.524,1.0,106.6,106.0,0.53,2018,Eastern
907,Charlotte Hornets,36,46,.439,8.0,108.2,108.0,0.07,2018,Eastern
908,Orlando Magic,25,57,.305,19.0,103.4,108.2,-4.92,2018,Eastern
909,Atlanta Hawks,24,58,.293,20.0,103.4,108.8,-5.30,2018,Eastern
910,Northwest Division,Northwest Division,Northwest Division,Northwest Division,Northwest Division,Northwest Division,Northwest Division,Northwest Division,2018,Western
911,Portland Trail Blazers*,49,33,.598,—,105.6,103.0,2.60,2018,Western
912,Oklahoma City Thunder*,48,34,.585,1.0,107.9,104.4,3.42,2018,Western
913,Utah Jazz*,48,34,.585,1.0,104.1,99.8,4.47,2018,Western
914,Minnesota Timberwolves*,47,35,.573,2.0,109.5,107.3,2.35,2018,Western
915,Denver Nuggets,46,36,.561,3.0,110.0,108.5,1.57,2018,Western
916,Pacific Division,Pacific Division,Pacific Division,Pacific Division,Pacific Division,Pacific Division,Pacific Division,Pacific Division,2018,Western
917,Golden State Warriors*,58,24,.707,—,113.5,107.5,5.79,2018,Western
918,Los Angeles Clippers,42,40,.512,16.0,109.0,109.0,0.15,2018,Western
919,Los Angeles Lakers,35,47,.427,23.0,108.1,109.6,-1.44,2018,Western
920,Sacramento Kings,27,55,.329,31.0,98.8,105.8,-6.60,2018,Western
921,Phoenix Suns,21,61,.256,37.0,103.9,113.3,-8.80,2018,Western
922,Southwest Division,Southwest Division,Southwest Division,Southwest Division,Southwest Division,Southwest Division,Southwest Division,Southwest Division,2018,Western
923,Houston Rockets*,65,17,.793,—,112.4,103.9,8.21,2018,Western
924,New Orleans Pelicans*,48,34,.585,17.0,111.7,110.4,1.48,2018,Western
925,San Antonio Spurs*,47,35,.573,18.0,102.7,99.8,2.89,2018,Western
926,Dallas Mavericks,24,58,.293,41.0,102.3,105.4,-2.70,2018,Western
927,Memphis Grizzlies,22,60,.268,43.0,99.3,105.5,-5.81,2018,Western
928,Toronto Raptors*,58,24,.707,—,114.4,108.4,5.49,2019,Eastern
929,Philadelphia 76ers*,51,31,.622,7.0,115.2,112.5,2.25,2019,Eastern
930,Boston Celtics*,49,33,.598,9.0,112.4,108.0,3.90,2019,Eastern
931,Brooklyn Nets*,42,40,.512,16.0,112.2,112.3,-0.40,2019,Eastern
932,New York Knicks,17,65,.207,41.0,104.6,113.8,-8.93,2019,Eastern
933,Central Division,Central Division,Central Division,Central Division,Central Division,Central Division,Central Division,Central Division,2019,Eastern
934,Milwaukee Bucks*,60,22,.732,—,118.1,109.3,8.04,2019,Eastern
935,Indiana Pacers*,48,34,.585,12.0,108.0,104.7,2.76,2019,Eastern
936,Detroit Pistons*,41,41,.500,19.0,107.0,107.3,-0.56,2019,Eastern
937,Chicago Bulls,22,60,.268,38.0,104.9,113.4,-8.32,2019,Eastern
938,Cleveland Cavaliers,19,63,.232,41.0,104.5,114.1,-9.39,2019,Eastern
939,Southeast Division,Southeast Division,Southeast Division,Southeast Division,Southeast Division,Southeast Division,Southeast Division,Southeast Division,2019,Eastern
940,Orlando Magic*,42,40,.512,—,107.3,106.6,0.28,2019,Eastern
941,Charlotte Hornets,39,43,.476,3.0,110.7,111.8,-1.32,2019,Eastern
942,Miami Heat,39,43,.476,3.0,105.7,105.9,-0.45,2019,Eastern
943,Washington Wizards,32,50,.390,10.0,114.0,116.9,-3.30,2019,Eastern
944,Atlanta Hawks,29,53,.354,13.0,113.3,119.4,-6.06,2019,Eastern
945,Northwest Division,Northwest Division,Northwest Division,Northwest Division,Northwest Division,Northwest Division,Northwest Division,Northwest Division,2019,Western
946,Denver Nuggets*,54,28,.659,—,110.7,106.7,4.19,2019,Western
947,Portland Trail Blazers*,53,29,.646,1.0,114.7,110.5,4.43,2019,Western
948,Utah Jazz*,50,32,.610,4.0,111.7,106.5,5.28,2019,Western
949,Oklahoma City Thunder*,49,33,.598,5.0,114.5,111.1,3.56,2019,Western
950,Minnesota Timberwolves,36,46,.439,18.0,112.5,114.0,-1.02,2019,Western
951,Pacific Division,Pacific Division,Pacific Division,Pacific Division,Pacific Division,Pacific Division,Pacific Division,Pacific Division,2019,Western
952,Golden State Warriors*,57,25,.695,—,117.7,111.2,6.42,2019,Western
953,Los Angeles Clippers*,48,34,.585,9.0,115.1,114.3,1.09,2019,Western
954,Sacramento Kings,39,43,.476,18.0,114.2,115.3,-0.81,2019,Western
955,Los Angeles Lakers,37,45,.451,20.0,111.8,113.5,-1.33,2019,Western
956,Phoenix Suns,19,63,.232,38.0,107.5,116.8,-8.61,2019,Western
957,Southwest Division,Southwest Division,Southwest Division,Southwest Division,Southwest Division,Southwest Division,Southwest Division,Southwest Division,2019,Western
958,Houston Rockets*,53,29,.646,—,113.9,109.1,4.96,2019,Western
959,San Antonio Spurs*,48,34,.585,5.0,111.7,110.0,1.80,2019,Western
960,Memphis Grizzlies,33,49,.402,20.0,103.5,106.1,-2.08,2019,Western
961,New Orleans Pelicans,33,49,.402,20.0,115.4,116.8,-1.10,2019,Western
962,Dallas Mavericks,33,49,.402,20.0,108.9,110.1,-0.87,2019,Western
963,Toronto Raptors*,53,19,.736,—,112.8,106.5,5.97,2020,Eastern
964,Boston Celtics*,48,24,.667,5.0,113.7,107.3,5.83,2020,Eastern
965,Philadelphia 76ers*,43,30,.589,10.5,110.7,108.4,2.25,2020,Eastern
966,Brooklyn Nets*,35,37,.486,18.0,111.8,112.3,-1.01,2020,Eastern
967,New York Knicks,21,45,.318,29.0,105.8,112.3,-6.72,2020,Eastern
968,Central Division,Central Division,Central Division,Central Division,Central Division,Central Division,Central Division,Central Division,2020,Eastern
969,Milwaukee Bucks*,56,17,.767,—,118.7,108.6,9.41,2020,Eastern
970,Indiana Pacers*,45,28,.616,11.0,109.4,107.5,1.63,2020,Eastern
971,Chicago Bulls,22,43,.338,30.0,106.8,109.9,-4.00,2020,Eastern
972,Detroit Pistons,20,46,.303,32.5,107.2,110.8,-4.38,2020,Eastern
973,Cleveland Cavaliers,19,46,.292,33.0,106.9,114.8,-7.77,2020,Eastern
974,Southeast Division,Southeast Division,Southeast Division,Southeast Division,Southeast Division,Southeast Division,Southeast Division,Southeast Division,2020,Eastern
975,Miami Heat*,44,29,.603,—,112.0,109.1,2.59,2020,Eastern
976,Orlando Magic*,33,40,.452,11.0,107.3,108.3,-0.93,2020,Eastern
977,Charlotte Hornets,23,42,.354,17.0,102.9,109.6,-7.03,2020,Eastern
978,Washington Wizards,25,47,.347,18.5,114.4,119.1,-5.24,2020,Eastern
979,Atlanta Hawks,20,47,.299,21.0,111.8,119.7,-7.71,2020,Eastern
980,Northwest Division,Northwest Division,Northwest Division,Northwest Division,Northwest Division,Northwest Division,Northwest Division,Northwest Division,2020,Western
981,Denver Nuggets*,46,27,.630,—,111.3,109.2,2.35,2020,Western
982,Oklahoma City Thunder*,44,28,.611,1.5,110.4,108.4,2.33,2020,Western
983,Utah Jazz*,44,28,.611,1.5,111.3,108.8,2.52,2020,Western
984,Portland Trail Blazers*,35,39,.473,11.5,115.0,116.1,-0.61,2020,Western
985,Minnesota Timberwolves,19,45,.297,22.5,113.3,117.5,-4.02,2020,Western
986,Pacific Division,Pacific Division,Pacific Division,Pacific Division,Pacific Division,Pacific Division,Pacific Division,Pacific Division,2020,Western
987,Los Angeles Lakers*,52,19,.732,—,113.4,107.6,6.28,2020,Western
988,Los Angeles Clippers*,49,23,.681,3.5,116.3,109.9,6.66,2020,Western
989,Phoenix Suns,34,39,.466,19.0,113.6,113.4,0.56,2020,Western
990,Sacramento Kings,31,41,.431,21.5,110.1,112.1,-1.59,2020,Western
991,Golden State Warriors,15,50,.231,34.0,106.3,115.0,-8.12,2020,Western
992,Southwest Division,Southwest Division,Southwest Division,Southwest Division,Southwest Division,Southwest Division,Southwest Division,Southwest Division,2020,Western
993,Houston Rockets*,44,28,.611,—,117.8,114.8,3.13,2020,Western
994,Dallas Mavericks*,43,32,.573,2.5,117.0,112.1,4.87,2020,Western
995,Memphis Grizzlies,34,39,.466,10.5,112.6,113.7,-0.91,2020,Western
996,San Antonio Spurs,32,39,.451,11.5,114.1,115.2,-0.65,2020,Western
997,New Orleans Pelicans,30,42,.417,14.0,115.8,117.1,-0.55,2020,Western
998,Philadelphia 76ers*,49,23,.681,—,113.6,108.1,5.28,2021,Eastern
999,Brooklyn Nets*,48,24,.667,1.0,118.6,114.1,4.24,2021,Eastern
1000,New York Knicks*,41,31,.569,8.0,107.0,104.7,2.13,2021,Eastern
1001,Boston Celtics*,36,36,.500,13.0,112.6,111.2,1.32,2021,Eastern
1002,Toronto Raptors,27,45,.375,22.0,111.3,111.7,-0.54,2021,Eastern
1003,Central Division,Central Division,Central Division,Central Division,Central Division,Central Division,Central Division,Central Division,2021,Eastern
1004,Milwaukee Bucks*,46,26,.639,—,120.1,114.2,5.57,2021,Eastern
1005,Indiana Pacers,34,38,.472,12.0,115.3,115.3,-0.13,2021,Eastern
1006,Chicago Bulls,31,41,.431,15.0,110.7,111.6,-0.94,2021,Eastern
1007,Cleveland Cavaliers,22,50,.306,24.0,103.8,112.3,-8.19,2021,Eastern
1008,Detroit Pistons,20,52,.278,26.0,106.6,111.1,-4.38,2021,Eastern
1009,Southeast Division,Southeast Division,Southeast Division,Southeast Division,Southeast Division,Southeast Division,Southeast Division,Southeast Division,2021,Eastern
1010,Atlanta Hawks*,41,31,.569,—,113.7,111.4,2.14,2021,Eastern
1011,Miami Heat*,40,32,.556,1.0,108.1,108.0,-0.06,2021,Eastern
1012,Washington Wizards*,34,38,.472,7.0,116.6,118.5,-1.85,2021,Eastern
1013,Charlotte Hornets,33,39,.458,8.0,109.5,111.4,-1.94,2021,Eastern
1014,Orlando Magic,21,51,.292,20.0,104.0,113.3,-9.02,2021,Eastern
1015,Northwest Division,Northwest Division,Northwest Division,Northwest Division,Northwest Division,Northwest Division,Northwest Division,Northwest Division,2021,Western
1016,Utah Jazz*,52,20,.722,—,116.4,107.2,8.97,2021,Western
1017,Denver Nuggets*,47,25,.653,5.0,115.1,110.1,4.82,2021,Western
1018,Portland Trail Blazers*,42,30,.583,10.0,116.1,114.3,1.81,2021,Western
1019,Minnesota Timberwolves,23,49,.319,29.0,112.1,117.7,-5.25,2021,Western
1020,Oklahoma City Thunder,22,50,.306,30.0,105.0,115.6,-10.13,2021,Western
1021,Pacific Division,Pacific Division,Pacific Division,Pacific Division,Pacific Division,Pacific Division,Pacific Division,Pacific Division,2021,Western
1022,Phoenix Suns*,51,21,.708,—,115.3,109.5,5.67,2021,Western
1023,Los Angeles Clippers*,47,25,.653,4.0,114.0,107.8,6.02,2021,Western
1024,Los Angeles Lakers*,42,30,.583,9.0,109.5,106.8,2.77,2021,Western
1025,Golden State Warriors,39,33,.542,12.0,113.7,112.7,1.10,2021,Western
1026,Sacramento Kings,31,41,.431,20.0,113.7,117.4,-3.45,2021,Western
1027,Southwest Division,Southwest Division,Southwest Division,Southwest Division,Southwest Division,Southwest Division,Southwest Division,Southwest Division,2021,Western
1028,Dallas Mavericks*,42,30,.583,—,112.4,110.2,2.26,2021,Western
1029,Memphis Grizzlies*,38,34,.528,4.0,113.3,112.3,1.07,2021,Western
1030,San Antonio Spurs,33,39,.458,9.0,111.1,112.8,-1.58,2021,Western
1031,New Orleans Pelicans,31,41,.431,11.0,114.6,114.9,-0.20,2021,Western
1032,Houston Rockets,17,55,.236,25.0,108.8,116.7,-7.50,2021,Western
1033,Boston Celtics*,51,31,.622,—,111.8,104.5,7.02,2022,Eastern
1034,Philadelphia 76ers*,51,31,.622,—,109.9,107.3,2.57,2022,Eastern
1035,Toronto Raptors*,48,34,.585,3.0,109.4,107.1,2.38,2022,Eastern
1036,Brooklyn Nets*,44,38,.537,7.0,112.9,112.1,0.82,2022,Eastern
1037,New York Knicks,37,45,.451,14.0,106.5,106.6,-0.01,2022,Eastern
1038,Central Division,Central Division,Central Division,Central Division,Central Division,Central Division,Central Division,Central Division,2022,Eastern
1039,Milwaukee Bucks*,51,31,.622,—,115.5,112.1,3.22,2022,Eastern
1040,Chicago Bulls*,46,36,.561,5.0,111.6,112.0,-0.38,2022,Eastern
1041,Cleveland Cavaliers,44,38,.537,7.0,107.8,105.7,2.04,2022,Eastern
1042,Indiana Pacers,25,57,.305,26.0,111.5,114.9,-3.26,2022,Eastern
1043,Detroit Pistons,23,59,.280,28.0,104.8,112.5,-7.36,2022,Eastern
1044,Southeast Division,Southeast Division,Southeast Division,Southeast Division,Southeast Division,Southeast Division,Southeast Division,Southeast Division,2022,Eastern
1045,Miami Heat*,53,29,.646,—,110.0,105.6,4.23,2022,Eastern
1046,Atlanta Hawks*,43,39,.524,10.0,113.9,112.4,1.55,2022,Eastern
1047,Charlotte Hornets,43,39,.524,10.0,115.3,114.9,0.53,2022,Eastern
1048,Washington Wizards,35,47,.427,18.0,108.6,112.0,-3.23,2022,Eastern
1049,Orlando Magic,22,60,.268,31.0,104.2,112.2,-7.67,2022,Eastern
1050,Northwest Division,Northwest Division,Northwest Division,Northwest Division,Northwest Division,Northwest Division,Northwest Division,Northwest Division,2022,Western
1051,Utah Jazz*,49,33,.598,—,113.6,107.6,5.67,2022,Western
1052,Denver Nuggets*,48,34,.585,1.0,112.7,110.4,2.16,2022,Western
1053,Minnesota Timberwolves*,46,36,.561,3.0,115.9,113.3,2.53,2022,Western
1054,Portland Trail Blazers,27,55,.329,22.0,106.2,115.1,-8.55,2022,Western
1055,Oklahoma City Thunder,24,58,.293,25.0,103.7,111.8,-7.90,2022,Western
1056,Pacific Division,Pacific Division,Pacific Division,Pacific Division,Pacific Division,Pacific Division,Pacific Division,Pacific Division,2022,Western
1057,Phoenix Suns*,64,18,.780,—,114.8,107.3,6.94,2022,Western
1058,Golden State Warriors*,53,29,.646,11.0,111.0,105.5,5.52,2022,Western
1059,Los Angeles Clippers,42,40,.512,22.0,108.4,108.4,0.09,2022,Western
1060,Los Angeles Lakers,33,49,.402,31.0,112.1,115.1,-3.08,2022,Western
1061,Sacramento Kings,30,52,.366,34.0,110.3,115.8,-5.26,2022,Western
1062,Southwest Division,Southwest Division,Southwest Division,Southwest Division,Southwest Division,Southwest Division,Southwest Division,Southwest Division,2022,Western
1063,Memphis Grizzlies*,56,26,.683,—,115.6,109.9,5.37,2022,Western
1064,Dallas Mavericks*,52,30,.634,4.0,108.0,104.7,3.12,2022,Western
1065,New Orleans Pelicans*,36,46,.439,20.0,109.3,110.3,-0.84,2022,Western
1066,San Antonio Spurs,34,48,.415,22.0,113.2,113.0,0.02,2022,Western
1067,Houston Rockets,20,62,.244,36.0,109.7,118.2,-8.26,2022,Western
